date,hour,event_active,event_count,event_context_count,event_intensity,event_relevance,event_before,event_after,event_temporal_proximity,event_synthetic,event_type_champions_matchday,event_type_europa_matchday,event_type_nantes_fixture,event_type_public_holiday,event_source_calendar_fr,event_source_manual_csv
2019-03-02,18,0.0,0.0,1.0,0.0,1.0,0.16666667,0.0,0.16666667,0.0,0.0,0.0,1.0,0.0,0.0,1.0
2019-03-02,19,0.0,0.0,1.0,0.0,1.0,0.33333334,0.0,0.33333334,0.0,0.0,0.0,1.0,0.0,0.0,1.0
2019-03-02,20,0.0,0.0,1.0,0.0,1.0,0.5,0.0,0.5,0.0,0.0,0.0,1.0,0.0,0.0,1.0
2019-03-02,21,0.0,0.0,1.0,0.0,1.0,0.6666667,0.0,0.6666667,0.0,0.0,0.0,1.0,0.0,0.0,1.0
2019-03-02,22,0.0,0.0,1.0,0.0,1.0,0.8333333,0.0,0.8333333,0.0,0.0,0.0,1.0,0.0,0.0,1.0
2019-03-02,23,0.0,0.0,1.0,0.0,1.0,1.0,0.0,1.0,0.0,0.0,0.0,1.0,0.0,0.0,1.0
2019-03-03,0,1.0,1.0,1.0,1.0,1.0,0.0,0.0,1.0,0.0,0.0,0.0,1.0,0.0,0.0,1.0
2019-03-03,1,1.0,1.0,1.0,1.0,1.0,0.0,0.0,1.0,0.0,0.0,0.0,1.0,0.0,0.0,1.0
2019-03-03,2,1.0,1.0,1.0,1.0,1.0,0.0,0.0,1.0,0.0,0.0,0.0,1.0,0.0,0.0,1.0
2019-03-03,3,1.0,1.0,1.0,1.0,1.0,0.0,0.0,1.0,0.0,0.0,0.0,1.0,0.0,0.0,1.0
2019-03-03,4,1.0,1.0,1.0,1.0,1.0,0.0,0.0,1.0,0.0,0.0,0.0,1.0,0.0,0.0,1.0
2019-03-03,5,1.0,1.0,1.0,1.0,1.0,0.0,0.0,1.0,0.0,0.0,0.0,1.0,0.0,0.0,1.0
2019-03-03,6,1.0,1.0,1.0,1.0,1.0,0.0,0.0,1.0,0.0,0.0,0.0,1.0,0.0,0.0,1.0
2019-03-03,7,1.0,1.0,1.0,1.0,1.0,0.0,0.0,1.0,0.0,0.0,0.0,1.0,0.0,0.0,1.0
2019-03-03,8,1.0,1.0,1.0,1.0,1.0,0.0,0.0,1.0,0.0,0.0,0.0,1.0,0.0,0.0,1.0
2019-03-03,9,1.0,1.0,1.0,1.0,1.0,0.0,0.0,1.0,0.0,0.0,0.0,1.0,0.0,0.0,1.0
2019-03-03,10,1.0,1.0,1.0,1.0,1.0,0.0,0.0,1.0,0.0,0.0,0.0,1.0,0.0,0.0,1.0
2019-03-03,11,1.0,1.0,1.0,1.0,1.0,0.0,0.0,1.0,0.0,0.0,0.0,1.0,0.0,0.0,1.0
2019-03-03,12,1.0,1.0,1.0,1.0,1.0,0.0,0.0,1.0,0.0,0.0,0.0,1.0,0.0,0.0,1.0
2019-03-03,13,1.0,1.0,1.0,1.0,1.0,0.0,0.0,1.0,0.0,0.0,0.0,1.0,0.0,0.0,1.0
2019-03-03,14,1.0,1.0,1.0,1.0,1.0,0.0,0.0,1.0,0.0,0.0,0.0,1.0,0.0,0.0,1.0
2019-03-03,15,1.0,1.0,1.0,1.0,1.0,0.0,0.0,1.0,0.0,0.0,0.0,1.0,0.0,0.0,1.0
2019-03-03,16,1.0,1.0,1.0,1.0,1.0,0.0,0.0,1.0,0.0,0.0,0.0,1.0,0.0,0.0,1.0
2019-03-03,17,1.0,1.0,1.0,1.0,1.0,0.0,0.0,1.0,0.0,0.0,0.0,1.0,0.0,0.0,1.0
2019-03-03,18,1.0,1.0,1.0,1.0,1.0,0.0,0.0,1.0,0.0,0.0,0.0,1.0,0.0,0.0,1.0
2019-03-03,19,1.0,1.0,1.0,1.0,1.0,0.0,0.0,1.0,0.0,0.0,0.0,1.0,0.0,0.0,1.0
2019-03-03,20,1.0,1.0,1.0,1.0,1.0,0.0,0.0,1.0,0.0,0.0,0.0,1.0,0.0,0.0,1.0
2019-03-03,21,1.0,1.0,1.0,1.0,1.0,0.0,0.0,1.0,0.0,0.0,0.0,1.0,0.0,0.0,1.0
2019-03-03,22,1.0,1.0,1.0,1.0,1.0,0.0,0.0,1.0,0.0,0.0,0.0,1.0,0.0,0.0,1.0
2019-03-03,23,1.0,1.0,1.0,1.0,1.0,0.0,0.0,1.0,0.0,0.0,0.0,1.0,0.0,0.0,1.0
2019-03-04,0,0.0,0.0,1.0,0.0,1.0,0.0,1.0,1.0,0.0,0.0,0.0,1.0,0.0,0.0,1.0
2019-03-04,1,0.0,0.0,1.0,0.0,1.0,0.0,0.75,0.75,0.0,0.0,0.0,1.0,0.0,0.0,1.0
2019-03-04,2,0.0,0.0,1.0,0.0,1.0,0.0,0.5,0.5,0.0,0.0,0.0,1.0,0.0,0.0,1.0
2019-03-04,3,0.0,0.0,1.0,0.0,1.0,0.0,0.25,0.25,0.0,0.0,0.0,1.0,0.0,0.0,1.0
2019-03-05,18,0.0,0.0,1.0,0.0,1.0,0.16666667,0.0,0.16666667,0.0,0.0,0.0,1.0,0.0,0.0,1.0
2019-03-05,19,0.0,0.0,1.0,0.0,1.0,0.33333334,0.0,0.33333334,0.0,0.0,0.0,1.0,0.0,0.0,1.0
2019-03-05,20,0.0,0.0,1.0,0.0,1.0,0.5,0.0,0.5,0.0,0.0,0.0,1.0,0.0,0.0,1.0
2019-03-05,21,0.0,0.0,1.0,0.0,1.0,0.6666667,0.0,0.6666667,0.0,0.0,0.0,1.0,0.0,0.0,1.0
2019-03-05,22,0.0,0.0,1.0,0.0,1.0,0.8333333,0.0,0.8333333,0.0,0.0,0.0,1.0,0.0,0.0,1.0
2019-03-05,23,0.0,0.0,1.0,0.0,1.0,1.0,0.0,1.0,0.0,0.0,0.0,1.0,0.0,0.0,1.0
2019-03-06,0,1.0,1.0,1.0,1.0,1.0,0.0,0.0,1.0,0.0,0.0,0.0,1.0,0.0,0.0,1.0
2019-03-06,1,1.0,1.0,1.0,1.0,1.0,0.0,0.0,1.0,0.0,0.0,0.0,1.0,0.0,0.0,1.0
2019-03-06,2,1.0,1.0,1.0,1.0,1.0,0.0,0.0,1.0,0.0,0.0,0.0,1.0,0.0,0.0,1.0
2019-03-06,3,1.0,1.0,1.0,1.0,1.0,0.0,0.0,1.0,0.0,0.0,0.0,1.0,0.0,0.0,1.0
2019-03-06,4,1.0,1.0,1.0,1.0,1.0,0.0,0.0,1.0,0.0,0.0,0.0,1.0,0.0,0.0,1.0
2019-03-06,5,1.0,1.0,1.0,1.0,1.0,0.0,0.0,1.0,0.0,0.0,0.0,1.0,0.0,0.0,1.0
2019-03-06,6,1.0,1.0,1.0,1.0,1.0,0.0,0.0,1.0,0.0,0.0,0.0,1.0,0.0,0.0,1.0
2019-03-06,7,1.0,1.0,1.0,1.0,1.0,0.0,0.0,1.0,0.0,0.0,0.0,1.0,0.0,0.0,1.0
2019-03-06,8,1.0,1.0,1.0,1.0,1.0,0.0,0.0,1.0,0.0,0.0,0.0,1.0,0.0,0.0,1.0
2019-03-06,9,1.0,1.0,1.0,1.0,1.0,0.0,0.0,1.0,0.0,0.0,0.0,1.0,0.0,0.0,1.0
2019-03-06,10,1.0,1.0,1.0,1.0,1.0,0.0,0.0,1.0,0.0,0.0,0.0,1.0,0.0,0.0,1.0
2019-03-06,11,1.0,1.0,1.0,1.0,1.0,0.0,0.0,1.0,0.0,0.0,0.0,1.0,0.0,0.0,1.0
2019-03-06,12,1.0,1.0,1.0,1.0,1.0,0.0,0.0,1.0,0.0,0.0,0.0,1.0,0.0,0.0,1.0
2019-03-06,13,1.0,1.0,1.0,1.0,1.0,0.0,0.0,1.0,0.0,0.0,0.0,1.0,0.0,0.0,1.0
2019-03-06,14,1.0,1.0,1.0,1.0,1.0,0.0,0.0,1.0,0.0,0.0,0.0,1.0,0.0,0.0,1.0
2019-03-06,15,1.0,1.0,1.0,1.0,1.0,0.0,0.0,1.0,0.0,0.0,0.0,1.0,0.0,0.0,1.0
2019-03-06,16,1.0,1.0,1.0,1.0,1.0,0.0,0.0,1.0,0.0,0.0,0.0,1.0,0.0,0.0,1.0
2019-03-06,17,1.0,1.0,1.0,1.0,1.0,0.0,0.0,1.0,0.0,0.0,0.0,1.0,0.0,0.0,1.0
2019-03-06,18,1.0,1.0,2.0,1.0,1.0,0.16666667,0.0,1.0,0.0,0.0,1.0,1.0,0.0,0.0,1.0
2019-03-06,19,1.0,1.0,2.0,1.0,1.0,0.33333334,0.0,1.0,0.0,0.0,1.0,1.0,0.0,0.0,1.0
2019-03-06,20,1.0,1.0,2.0,1.0,1.0,0.5,0.0,1.0,0.0,0.0,1.0,1.0,0.0,0.0,1.0
2019-03-06,21,1.0,1.0,2.0,1.0,1.0,0.6666667,0.0,1.0,0.0,0.0,1.0,1.0,0.0,0.0,1.0
2019-03-06,22,1.0,1.0,2.0,1.0,1.0,0.8333333,0.0,1.0,0.0,0.0,1.0,1.0,0.0,0.0,1.0
2019-03-06,23,1.0,1.0,2.0,1.0,1.0,1.0,0.0,1.0,0.0,0.0,1.0,1.0,0.0,0.0,1.0
2019-03-07,0,1.0,1.0,2.0,1.0,1.0,0.0,1.0,1.0,0.0,0.0,1.0,1.0,0.0,0.0,1.0
2019-03-07,1,1.0,1.0,2.0,1.0,1.0,0.0,0.75,1.0,0.0,0.0,1.0,1.0,0.0,0.0,1.0
2019-03-07,2,1.0,1.0,2.0,1.0,1.0,0.0,0.5,1.0,0.0,0.0,1.0,1.0,0.0,0.0,1.0
2019-03-07,3,1.0,1.0,2.0,1.0,1.0,0.0,0.25,1.0,0.0,0.0,1.0,1.0,0.0,0.0,1.0
2019-03-07,4,1.0,1.0,1.0,1.0,1.0,0.0,0.0,1.0,0.0,0.0,1.0,0.0,0.0,0.0,1.0
2019-03-07,5,1.0,1.0,1.0,1.0,1.0,0.0,0.0,1.0,0.0,0.0,1.0,0.0,0.0,0.0,1.0
2019-03-07,6,1.0,1.0,1.0,1.0,1.0,0.0,0.0,1.0,0.0,0.0,1.0,0.0,0.0,0.0,1.0
2019-03-07,7,1.0,1.0,1.0,1.0,1.0,0.0,0.0,1.0,0.0,0.0,1.0,0.0,0.0,0.0,1.0
2019-03-07,8,1.0,1.0,1.0,1.0,1.0,0.0,0.0,1.0,0.0,0.0,1.0,0.0,0.0,0.0,1.0
2019-03-07,9,1.0,1.0,1.0,1.0,1.0,0.0,0.0,1.0,0.0,0.0,1.0,0.0,0.0,0.0,1.0
2019-03-07,10,1.0,1.0,1.0,1.0,1.0,0.0,0.0,1.0,0.0,0.0,1.0,0.0,0.0,0.0,1.0
2019-03-07,11,1.0,1.0,1.0,1.0,1.0,0.0,0.0,1.0,0.0,0.0,1.0,0.0,0.0,0.0,1.0
2019-03-07,12,1.0,1.0,1.0,1.0,1.0,0.0,0.0,1.0,0.0,0.0,1.0,0.0,0.0,0.0,1.0
2019-03-07,13,1.0,1.0,1.0,1.0,1.0,0.0,0.0,1.0,0.0,0.0,1.0,0.0,0.0,0.0,1.0
2019-03-07,14,1.0,1.0,1.0,1.0,1.0,0.0,0.0,1.0,0.0,0.0,1.0,0.0,0.0,0.0,1.0
2019-03-07,15,1.0,1.0,1.0,1.0,1.0,0.0,0.0,1.0,0.0,0.0,1.0,0.0,0.0,0.0,1.0
2019-03-07,16,1.0,1.0,1.0,1.0,1.0,0.0,0.0,1.0,0.0,0.0,1.0,0.0,0.0,0.0,1.0
2019-03-07,17,1.0,1.0,1.0,1.0,1.0,0.0,0.0,1.0,0.0,0.0,1.0,0.0,0.0,0.0,1.0
2019-03-07,18,1.0,1.0,1.0,1.0,1.0,0.0,0.0,1.0,0.0,0.0,1.0,0.0,0.0,0.0,1.0
2019-03-07,19,1.0,1.0,1.0,1.0,1.0,0.0,0.0,1.0,0.0,0.0,1.0,0.0,0.0,0.0,1.0
2019-03-07,20,1.0,1.0,1.0,1.0,1.0,0.0,0.0,1.0,0.0,0.0,1.0,0.0,0.0,0.0,1.0
2019-03-07,21,1.0,1.0,1.0,1.0,1.0,0.0,0.0,1.0,0.0,0.0,1.0,0.0,0.0,0.0,1.0
2019-03-07,22,1.0,1.0,1.0,1.0,1.0,0.0,0.0,1.0,0.0,0.0,1.0,0.0,0.0,0.0,1.0
2019-03-07,23,1.0,1.0,1.0,1.0,1.0,0.0,0.0,1.0,0.0,0.0,1.0,0.0,0.0,0.0,1.0
2019-03-08,0,0.0,0.0,1.0,0.0,1.0,0.0,1.0,1.0,0.0,0.0,1.0,0.0,0.0,0.0,1.0
2019-03-08,1,0.0,0.0,1.0,0.0,1.0,0.0,0.75,0.75,0.0,0.0,1.0,0.0,0.0,0.0,1.0
2019-03-08,2,0.0,0.0,1.0,0.0,1.0,0.0,0.5,0.5,0.0,0.0,1.0,0.0,0.0,0.0,1.0
2019-03-08,3,0.0,0.0,1.0,0.0,1.0,0.0,0.25,0.25,0.0,0.0,1.0,0.0,0.0,0.0,1.0
2019-03-13,18,0.0,0.0,1.0,0.0,1.0,0.16666667,0.0,0.16666667,0.0,0.0,1.0,0.0,0.0,0.0,1.0
2019-03-13,19,0.0,0.0,1.0,0.0,1.0,0.33333334,0.0,0.33333334,0.0,0.0,1.0,0.0,0.0,0.0,1.0
2019-03-13,20,0.0,0.0,1.0,0.0,1.0,0.5,0.0,0.5,0.0,0.0,1.0,0.0,0.0,0.0,1.0
2019-03-13,21,0.0,0.0,1.0,0.0,1.0,0.6666667,0.0,0.6666667,0.0,0.0,1.0,0.0,0.0,0.0,1.0
2019-03-13,22,0.0,0.0,1.0,0.0,1.0,0.8333333,0.0,0.8333333,0.0,0.0,1.0,0.0,0.0,0.0,1.0
2019-03-13,23,0.0,0.0,1.0,0.0,1.0,1.0,0.0,1.0,0.0,0.0,1.0,0.0,0.0,0.0,1.0
2019-03-14,0,1.0,1.0,1.0,1.0,1.0,0.0,0.0,1.0,0.0,0.0,1.0,0.0,0.0,0.0,1.0
2019-03-14,1,1.0,1.0,1.0,1.0,1.0,0.0,0.0,1.0,0.0,0.0,1.0,0.0,0.0,0.0,1.0
2019-03-14,2,1.0,1.0,1.0,1.0,1.0,0.0,0.0,1.0,0.0,0.0,1.0,0.0,0.0,0.0,1.0
2019-03-14,3,1.0,1.0,1.0,1.0,1.0,0.0,0.0,1.0,0.0,0.0,1.0,0.0,0.0,0.0,1.0
2019-03-14,4,1.0,1.0,1.0,1.0,1.0,0.0,0.0,1.0,0.0,0.0,1.0,0.0,0.0,0.0,1.0
2019-03-14,5,1.0,1.0,1.0,1.0,1.0,0.0,0.0,1.0,0.0,0.0,1.0,0.0,0.0,0.0,1.0
2019-03-14,6,1.0,1.0,1.0,1.0,1.0,0.0,0.0,1.0,0.0,0.0,1.0,0.0,0.0,0.0,1.0
2019-03-14,7,1.0,1.0,1.0,1.0,1.0,0.0,0.0,1.0,0.0,0.0,1.0,0.0,0.0,0.0,1.0
2019-03-14,8,1.0,1.0,1.0,1.0,1.0,0.0,0.0,1.0,0.0,0.0,1.0,0.0,0.0,0.0,1.0
2019-03-14,9,1.0,1.0,1.0,1.0,1.0,0.0,0.0,1.0,0.0,0.0,1.0,0.0,0.0,0.0,1.0
2019-03-14,10,1.0,1.0,1.0,1.0,1.0,0.0,0.0,1.0,0.0,0.0,1.0,0.0,0.0,0.0,1.0
2019-03-14,11,1.0,1.0,1.0,1.0,1.0,0.0,0.0,1.0,0.0,0.0,1.0,0.0,0.0,0.0,1.0
2019-03-14,12,1.0,1.0,1.0,1.0,1.0,0.0,0.0,1.0,0.0,0.0,1.0,0.0,0.0,0.0,1.0
2019-03-14,13,1.0,1.0,1.0,1.0,1.0,0.0,0.0,1.0,0.0,0.0,1.0,0.0,0.0,0.0,1.0
2019-03-14,14,1.0,1.0,1.0,1.0,1.0,0.0,0.0,1.0,0.0,0.0,1.0,0.0,0.0,0.0,1.0
2019-03-14,15,1.0,1.0,1.0,1.0,1.0,0.0,0.0,1.0,0.0,0.0,1.0,0.0,0.0,0.0,1.0
2019-03-14,16,1.0,1.0,1.0,1.0,1.0,0.0,0.0,1.0,0.0,0.0,1.0,0.0,0.0,0.0,1.0
2019-03-14,17,1.0,1.0,1.0,1.0,1.0,0.0,0.0,1.0,0.0,0.0,1.0,0.0,0.0,0.0,1.0
2019-03-14,18,1.0,1.0,1.0,1.0,1.0,0.0,0.0,1.0,0.0,0.0,1.0,0.0,0.0,0.0,1.0
2019-03-14,19,1.0,1.0,1.0,1.0,1.0,0.0,0.0,1.0,0.0,0.0,1.0,0.0,0.0,0.0,1.0
2019-03-14,20,1.0,1.0,1.0,1.0,1.0,0.0,0.0,1.0,0.0,0.0,1.0,0.0,0.0,0.0,1.0
2019-03-14,21,1.0,1.0,1.0,1.0,1.0,0.0,0.0,1.0,0.0,0.0,1.0,0.0,0.0,0.0,1.0
2019-03-14,22,1.0,1.0,1.0,1.0,1.0,0.0,0.0,1.0,0.0,0.0,1.0,0.0,0.0,0.0,1.0
2019-03-14,23,1.0,1.0,1.0,1.0,1.0,0.0,0.0,1.0,0.0,0.0,1.0,0.0,0.0,0.0,1.0
2019-03-15,0,0.0,0.0,1.0,0.0,1.0,0.0,1.0,1.0,0.0,0.0,1.0,0.0,0.0,0.0,1.0
2019-03-15,1,0.0,0.0,1.0,0.0,1.0,0.0,0.75,0.75,0.0,0.0,1.0,0.0,0.0,0.0,1.0
2019-03-15,2,0.0,0.0,1.0,0.0,1.0,0.0,0.5,0.5,0.0,0.0,1.0,0.0,0.0,0.0,1.0
2019-03-15,3,0.0,0.0,1.0,0.0,1.0,0.0,0.25,0.25,0.0,0.0,1.0,0.0,0.0,0.0,1.0
2019-03-16,18,0.0,0.0,1.0,0.0,1.0,0.16666667,0.0,0.16666667,0.0,0.0,0.0,1.0,0.0,0.0,1.0
2019-03-16,19,0.0,0.0,1.0,0.0,1.0,0.33333334,0.0,0.33333334,0.0,0.0,0.0,1.0,0.0,0.0,1.0
2019-03-16,20,0.0,0.0,1.0,0.0,1.0,0.5,0.0,0.5,0.0,0.0,0.0,1.0,0.0,0.0,1.0
2019-03-16,21,0.0,0.0,1.0,0.0,1.0,0.6666667,0.0,0.6666667,0.0,0.0,0.0,1.0,0.0,0.0,1.0
2019-03-16,22,0.0,0.0,1.0,0.0,1.0,0.8333333,0.0,0.8333333,0.0,0.0,0.0,1.0,0.0,0.0,1.0
2019-03-16,23,0.0,0.0,1.0,0.0,1.0,1.0,0.0,1.0,0.0,0.0,0.0,1.0,0.0,0.0,1.0
2019-03-17,0,1.0,1.0,1.0,1.0,1.0,0.0,0.0,1.0,0.0,0.0,0.0,1.0,0.0,0.0,1.0
2019-03-17,1,1.0,1.0,1.0,1.0,1.0,0.0,0.0,1.0,0.0,0.0,0.0,1.0,0.0,0.0,1.0
2019-03-17,2,1.0,1.0,1.0,1.0,1.0,0.0,0.0,1.0,0.0,0.0,0.0,1.0,0.0,0.0,1.0
2019-03-17,3,1.0,1.0,1.0,1.0,1.0,0.0,0.0,1.0,0.0,0.0,0.0,1.0,0.0,0.0,1.0
2019-03-17,4,1.0,1.0,1.0,1.0,1.0,0.0,0.0,1.0,0.0,0.0,0.0,1.0,0.0,0.0,1.0
2019-03-17,5,1.0,1.0,1.0,1.0,1.0,0.0,0.0,1.0,0.0,0.0,0.0,1.0,0.0,0.0,1.0
2019-03-17,6,1.0,1.0,1.0,1.0,1.0,0.0,0.0,1.0,0.0,0.0,0.0,1.0,0.0,0.0,1.0
2019-03-17,7,1.0,1.0,1.0,1.0,1.0,0.0,0.0,1.0,0.0,0.0,0.0,1.0,0.0,0.0,1.0
2019-03-17,8,1.0,1.0,1.0,1.0,1.0,0.0,0.0,1.0,0.0,0.0,0.0,1.0,0.0,0.0,1.0
2019-03-17,9,1.0,1.0,1.0,1.0,1.0,0.0,0.0,1.0,0.0,0.0,0.0,1.0,0.0,0.0,1.0
2019-03-17,10,1.0,1.0,1.0,1.0,1.0,0.0,0.0,1.0,0.0,0.0,0.0,1.0,0.0,0.0,1.0
2019-03-17,11,1.0,1.0,1.0,1.0,1.0,0.0,0.0,1.0,0.0,0.0,0.0,1.0,0.0,0.0,1.0
2019-03-17,12,1.0,1.0,1.0,1.0,1.0,0.0,0.0,1.0,0.0,0.0,0.0,1.0,0.0,0.0,1.0
2019-03-17,13,1.0,1.0,1.0,1.0,1.0,0.0,0.0,1.0,0.0,0.0,0.0,1.0,0.0,0.0,1.0
2019-03-17,14,1.0,1.0,1.0,1.0,1.0,0.0,0.0,1.0,0.0,0.0,0.0,1.0,0.0,0.0,1.0
2019-03-17,15,1.0,1.0,1.0,1.0,1.0,0.0,0.0,1.0,0.0,0.0,0.0,1.0,0.0,0.0,1.0
2019-03-17,16,1.0,1.0,1.0,1.0,1.0,0.0,0.0,1.0,0.0,0.0,0.0,1.0,0.0,0.0,1.0
2019-03-17,17,1.0,1.0,1.0,1.0,1.0,0.0,0.0,1.0,0.0,0.0,0.0,1.0,0.0,0.0,1.0
2019-03-17,18,1.0,1.0,1.0,1.0,1.0,0.0,0.0,1.0,0.0,0.0,0.0,1.0,0.0,0.0,1.0
2019-03-17,19,1.0,1.0,1.0,1.0,1.0,0.0,0.0,1.0,0.0,0.0,0.0,1.0,0.0,0.0,1.0
2019-03-17,20,1.0,1.0,1.0,1.0,1.0,0.0,0.0,1.0,0.0,0.0,0.0,1.0,0.0,0.0,1.0
2019-03-17,21,1.0,1.0,1.0,1.0,1.0,0.0,0.0,1.0,0.0,0.0,0.0,1.0,0.0,0.0,1.0
2019-03-17,22,1.0,1.0,1.0,1.0,1.0,0.0,0.0,1.0,0.0,0.0,0.0,1.0,0.0,0.0,1.0
2019-03-17,23,1.0,1.0,1.0,1.0,1.0,0.0,0.0,1.0,0.0,0.0,0.0,1.0,0.0,0.0,1.0
2019-03-18,0,0.0,0.0,1.0,0.0,1.0,0.0,1.0,1.0,0.0,0.0,0.0,1.0,0.0,0.0,1.0
2019-03-18,1,0.0,0.0,1.0,0.0,1.0,0.0,0.75,0.75,0.0,0.0,0.0,1.0,0.0,0.0,1.0
2019-03-18,2,0.0,0.0,1.0,0.0,1.0,0.0,0.5,0.5,0.0,0.0,0.0,1.0,0.0,0.0,1.0
2019-03-18,3,0.0,0.0,1.0,0.0,1.0,0.0,0.25,0.25,0.0,0.0,0.0,1.0,0.0,0.0,1.0
2019-03-30,18,0.0,0.0,1.0,0.0,1.0,0.16666667,0.0,0.16666667,0.0,0.0,0.0,1.0,0.0,0.0,1.0
2019-03-30,19,0.0,0.0,1.0,0.0,1.0,0.33333334,0.0,0.33333334,0.0,0.0,0.0,1.0,0.0,0.0,1.0
2019-03-30,20,0.0,0.0,1.0,0.0,1.0,0.5,0.0,0.5,0.0,0.0,0.0,1.0,0.0,0.0,1.0
2019-03-30,21,0.0,0.0,1.0,0.0,1.0,0.6666667,0.0,0.6666667,0.0,0.0,0.0,1.0,0.0,0.0,1.0
2019-03-30,22,0.0,0.0,1.0,0.0,1.0,0.8333333,0.0,0.8333333,0.0,0.0,0.0,1.0,0.0,0.0,1.0
2019-03-30,23,0.0,0.0,1.0,0.0,1.0,1.0,0.0,1.0,0.0,0.0,0.0,1.0,0.0,0.0,1.0
2019-03-31,0,1.0,1.0,1.0,1.0,1.0,0.0,0.0,1.0,0.0,0.0,0.0,1.0,0.0,0.0,1.0
2019-03-31,1,1.0,1.0,1.0,1.0,1.0,0.0,0.0,1.0,0.0,0.0,0.0,1.0,0.0,0.0,1.0
2019-03-31,2,1.0,1.0,1.0,1.0,1.0,0.0,0.0,1.0,0.0,0.0,0.0,1.0,0.0,0.0,1.0
2019-03-31,3,1.0,1.0,1.0,1.0,1.0,0.0,0.0,1.0,0.0,0.0,0.0,1.0,0.0,0.0,1.0
2019-03-31,4,1.0,1.0,1.0,1.0,1.0,0.0,0.0,1.0,0.0,0.0,0.0,1.0,0.0,0.0,1.0
2019-03-31,5,1.0,1.0,1.0,1.0,1.0,0.0,0.0,1.0,0.0,0.0,0.0,1.0,0.0,0.0,1.0
2019-03-31,6,1.0,1.0,1.0,1.0,1.0,0.0,0.0,1.0,0.0,0.0,0.0,1.0,0.0,0.0,1.0
2019-03-31,7,1.0,1.0,1.0,1.0,1.0,0.0,0.0,1.0,0.0,0.0,0.0,1.0,0.0,0.0,1.0
2019-03-31,8,1.0,1.0,1.0,1.0,1.0,0.0,0.0,1.0,0.0,0.0,0.0,1.0,0.0,0.0,1.0
2019-03-31,9,1.0,1.0,1.0,1.0,1.0,0.0,0.0,1.0,0.0,0.0,0.0,1.0,0.0,0.0,1.0
2019-03-31,10,1.0,1.0,1.0,1.0,1.0,0.0,0.0,1.0,0.0,0.0,0.0,1.0,0.0,0.0,1.0
2019-03-31,11,1.0,1.0,1.0,1.0,1.0,0.0,0.0,1.0,0.0,0.0,0.0,1.0,0.0,0.0,1.0
2019-03-31,12,1.0,1.0,1.0,1.0,1.0,0.0,0.0,1.0,0.0,0.0,0.0,1.0,0.0,0.0,1.0
2019-03-31,13,1.0,1.0,1.0,1.0,1.0,0.0,0.0,1.0,0.0,0.0,0.0,1.0,0.0,0.0,1.0
2019-03-31,14,1.0,1.0,1.0,1.0,1.0,0.0,0.0,1.0,0.0,0.0,0.0,1.0,0.0,0.0,1.0
2019-03-31,15,1.0,1.0,1.0,1.0,1.0,0.0,0.0,1.0,0.0,0.0,0.0,1.0,0.0,0.0,1.0
2019-03-31,16,1.0,1.0,1.0,1.0,1.0,0.0,0.0,1.0,0.0,0.0,0.0,1.0,0.0,0.0,1.0
2019-03-31,17,1.0,1.0,1.0,1.0,1.0,0.0,0.0,1.0,0.0,0.0,0.0,1.0,0.0,0.0,1.0
2019-03-31,18,1.0,1.0,1.0,1.0,1.0,0.0,0.0,1.0,0.0,0.0,0.0,1.0,0.0,0.0,1.0
2019-03-31,19,1.0,1.0,1.0,1.0,1.0,0.0,0.0,1.0,0.0,0.0,0.0,1.0,0.0,0.0,1.0
2019-03-31,20,1.0,1.0,1.0,1.0,1.0,0.0,0.0,1.0,0.0,0.0,0.0,1.0,0.0,0.0,1.0
2019-03-31,21,1.0,1.0,1.0,1.0,1.0,0.0,0.0,1.0,0.0,0.0,0.0,1.0,0.0,0.0,1.0
2019-03-31,22,1.0,1.0,1.0,1.0,1.0,0.0,0.0,1.0,0.0,0.0,0.0,1.0,0.0,0.0,1.0
2019-03-31,23,1.0,1.0,1.0,1.0,1.0,0.0,0.0,1.0,0.0,0.0,0.0,1.0,0.0,0.0,1.0
2019-04-01,0,0.0,0.0,1.0,0.0,1.0,0.0,1.0,1.0,0.0,0.0,0.0,1.0,0.0,0.0,1.0
2019-04-01,1,0.0,0.0,1.0,0.0,1.0,0.0,0.75,0.75,0.0,0.0,0.0,1.0,0.0,0.0,1.0
2019-04-01,2,0.0,0.0,1.0,0.0,1.0,0.0,0.5,0.5,0.0,0.0,0.0,1.0,0.0,0.0,1.0
2019-04-01,3,0.0,0.0,1.0,0.0,1.0,0.0,0.25,0.25,0.0,0.0,0.0,1.0,0.0,0.0,1.0
2019-04-02,18,0.0,0.0,1.0,0.0,1.0,0.16666667,0.0,0.16666667,0.0,0.0,0.0,1.0,0.0,0.0,1.0
2019-04-02,19,0.0,0.0,1.0,0.0,1.0,0.33333334,0.0,0.33333334,0.0,0.0,0.0,1.0,0.0,0.0,1.0
2019-04-02,20,0.0,0.0,1.0,0.0,1.0,0.5,0.0,0.5,0.0,0.0,0.0,1.0,0.0,0.0,1.0
2019-04-02,21,0.0,0.0,1.0,0.0,1.0,0.6666667,0.0,0.6666667,0.0,0.0,0.0,1.0,0.0,0.0,1.0
2019-04-02,22,0.0,0.0,1.0,0.0,1.0,0.8333333,0.0,0.8333333,0.0,0.0,0.0,1.0,0.0,0.0,1.0
2019-04-02,23,0.0,0.0,1.0,0.0,1.0,1.0,0.0,1.0,0.0,0.0,0.0,1.0,0.0,0.0,1.0
2019-04-03,0,1.0,1.0,1.0,1.0,1.0,0.0,0.0,1.0,0.0,0.0,0.0,1.0,0.0,0.0,1.0
2019-04-03,1,1.0,1.0,1.0,1.0,1.0,0.0,0.0,1.0,0.0,0.0,0.0,1.0,0.0,0.0,1.0
2019-04-03,2,1.0,1.0,1.0,1.0,1.0,0.0,0.0,1.0,0.0,0.0,0.0,1.0,0.0,0.0,1.0
2019-04-03,3,1.0,1.0,1.0,1.0,1.0,0.0,0.0,1.0,0.0,0.0,0.0,1.0,0.0,0.0,1.0
2019-04-03,4,1.0,1.0,1.0,1.0,1.0,0.0,0.0,1.0,0.0,0.0,0.0,1.0,0.0,0.0,1.0
2019-04-03,5,1.0,1.0,1.0,1.0,1.0,0.0,0.0,1.0,0.0,0.0,0.0,1.0,0.0,0.0,1.0
2019-04-03,6,1.0,1.0,1.0,1.0,1.0,0.0,0.0,1.0,0.0,0.0,0.0,1.0,0.0,0.0,1.0
2019-04-03,7,1.0,1.0,1.0,1.0,1.0,0.0,0.0,1.0,0.0,0.0,0.0,1.0,0.0,0.0,1.0
2019-04-03,8,1.0,1.0,1.0,1.0,1.0,0.0,0.0,1.0,0.0,0.0,0.0,1.0,0.0,0.0,1.0
2019-04-03,9,1.0,1.0,1.0,1.0,1.0,0.0,0.0,1.0,0.0,0.0,0.0,1.0,0.0,0.0,1.0
2019-04-03,10,1.0,1.0,1.0,1.0,1.0,0.0,0.0,1.0,0.0,0.0,0.0,1.0,0.0,0.0,1.0
2019-04-03,11,1.0,1.0,1.0,1.0,1.0,0.0,0.0,1.0,0.0,0.0,0.0,1.0,0.0,0.0,1.0
2019-04-03,12,1.0,1.0,1.0,1.0,1.0,0.0,0.0,1.0,0.0,0.0,0.0,1.0,0.0,0.0,1.0
2019-04-03,13,1.0,1.0,1.0,1.0,1.0,0.0,0.0,1.0,0.0,0.0,0.0,1.0,0.0,0.0,1.0
2019-04-03,14,1.0,1.0,1.0,1.0,1.0,0.0,0.0,1.0,0.0,0.0,0.0,1.0,0.0,0.0,1.0
2019-04-03,15,1.0,1.0,1.0,1.0,1.0,0.0,0.0,1.0,0.0,0.0,0.0,1.0,0.0,0.0,1.0
2019-04-03,16,1.0,1.0,1.0,1.0,1.0,0.0,0.0,1.0,0.0,0.0,0.0,1.0,0.0,0.0,1.0
2019-04-03,17,1.0,1.0,1.0,1.0,1.0,0.0,0.0,1.0,0.0,0.0,0.0,1.0,0.0,0.0,1.0
2019-04-03,18,1.0,1.0,1.0,1.0,1.0,0.0,0.0,1.0,0.0,0.0,0.0,1.0,0.0,0.0,1.0
2019-04-03,19,1.0,1.0,1.0,1.0,1.0,0.0,0.0,1.0,0.0,0.0,0.0,1.0,0.0,0.0,1.0
2019-04-03,20,1.0,1.0,1.0,1.0,1.0,0.0,0.0,1.0,0.0,0.0,0.0,1.0,0.0,0.0,1.0
2019-04-03,21,1.0,1.0,1.0,1.0,1.0,0.0,0.0,1.0,0.0,0.0,0.0,1.0,0.0,0.0,1.0
2019-04-03,22,1.0,1.0,1.0,1.0,1.0,0.0,0.0,1.0,0.0,0.0,0.0,1.0,0.0,0.0,1.0
2019-04-03,23,1.0,1.0,1.0,1.0,1.0,0.0,0.0,1.0,0.0,0.0,0.0,1.0,0.0,0.0,1.0
2019-04-04,0,0.0,0.0,1.0,0.0,1.0,0.0,1.0,1.0,0.0,0.0,0.0,1.0,0.0,0.0,1.0
2019-04-04,1,0.0,0.0,1.0,0.0,1.0,0.0,0.75,0.75,0.0,0.0,0.0,1.0,0.0,0.0,1.0
2019-04-04,2,0.0,0.0,1.0,0.0,1.0,0.0,0.5,0.5,0.0,0.0,0.0,1.0,0.0,0.0,1.0
2019-04-04,3,0.0,0.0,1.0,0.0,1.0,0.0,0.25,0.25,0.0,0.0,0.0,1.0,0.0,0.0,1.0
2019-04-06,18,0.0,0.0,1.0,0.0,1.0,0.16666667,0.0,0.16666667,0.0,0.0,0.0,1.0,0.0,0.0,1.0
2019-04-06,19,0.0,0.0,1.0,0.0,1.0,0.33333334,0.0,0.33333334,0.0,0.0,0.0,1.0,0.0,0.0,1.0
2019-04-06,20,0.0,0.0,1.0,0.0,1.0,0.5,0.0,0.5,0.0,0.0,0.0,1.0,0.0,0.0,1.0
2019-04-06,21,0.0,0.0,1.0,0.0,1.0,0.6666667,0.0,0.6666667,0.0,0.0,0.0,1.0,0.0,0.0,1.0
2019-04-06,22,0.0,0.0,1.0,0.0,1.0,0.8333333,0.0,0.8333333,0.0,0.0,0.0,1.0,0.0,0.0,1.0
2019-04-06,23,0.0,0.0,1.0,0.0,1.0,1.0,0.0,1.0,0.0,0.0,0.0,1.0,0.0,0.0,1.0
2019-04-07,0,1.0,1.0,1.0,1.0,1.0,0.0,0.0,1.0,0.0,0.0,0.0,1.0,0.0,0.0,1.0
2019-04-07,1,1.0,1.0,1.0,1.0,1.0,0.0,0.0,1.0,0.0,0.0,0.0,1.0,0.0,0.0,1.0
2019-04-07,2,1.0,1.0,1.0,1.0,1.0,0.0,0.0,1.0,0.0,0.0,0.0,1.0,0.0,0.0,1.0
2019-04-07,3,1.0,1.0,1.0,1.0,1.0,0.0,0.0,1.0,0.0,0.0,0.0,1.0,0.0,0.0,1.0
2019-04-07,4,1.0,1.0,1.0,1.0,1.0,0.0,0.0,1.0,0.0,0.0,0.0,1.0,0.0,0.0,1.0
2019-04-07,5,1.0,1.0,1.0,1.0,1.0,0.0,0.0,1.0,0.0,0.0,0.0,1.0,0.0,0.0,1.0
2019-04-07,6,1.0,1.0,1.0,1.0,1.0,0.0,0.0,1.0,0.0,0.0,0.0,1.0,0.0,0.0,1.0
2019-04-07,7,1.0,1.0,1.0,1.0,1.0,0.0,0.0,1.0,0.0,0.0,0.0,1.0,0.0,0.0,1.0
2019-04-07,8,1.0,1.0,1.0,1.0,1.0,0.0,0.0,1.0,0.0,0.0,0.0,1.0,0.0,0.0,1.0
2019-04-07,9,1.0,1.0,1.0,1.0,1.0,0.0,0.0,1.0,0.0,0.0,0.0,1.0,0.0,0.0,1.0
2019-04-07,10,1.0,1.0,1.0,1.0,1.0,0.0,0.0,1.0,0.0,0.0,0.0,1.0,0.0,0.0,1.0
2019-04-07,11,1.0,1.0,1.0,1.0,1.0,0.0,0.0,1.0,0.0,0.0,0.0,1.0,0.0,0.0,1.0
2019-04-07,12,1.0,1.0,1.0,1.0,1.0,0.0,0.0,1.0,0.0,0.0,0.0,1.0,0.0,0.0,1.0
2019-04-07,13,1.0,1.0,1.0,1.0,1.0,0.0,0.0,1.0,0.0,0.0,0.0,1.0,0.0,0.0,1.0
2019-04-07,14,1.0,1.0,1.0,1.0,1.0,0.0,0.0,1.0,0.0,0.0,0.0,1.0,0.0,0.0,1.0
2019-04-07,15,1.0,1.0,1.0,1.0,1.0,0.0,0.0,1.0,0.0,0.0,0.0,1.0,0.0,0.0,1.0
2019-04-07,16,1.0,1.0,1.0,1.0,1.0,0.0,0.0,1.0,0.0,0.0,0.0,1.0,0.0,0.0,1.0
2019-04-07,17,1.0,1.0,1.0,1.0,1.0,0.0,0.0,1.0,0.0,0.0,0.0,1.0,0.0,0.0,1.0
2019-04-07,18,1.0,1.0,1.0,1.0,1.0,0.0,0.0,1.0,0.0,0.0,0.0,1.0,0.0,0.0,1.0
2019-04-07,19,1.0,1.0,1.0,1.0,1.0,0.0,0.0,1.0,0.0,0.0,0.0,1.0,0.0,0.0,1.0
2019-04-07,20,1.0,1.0,1.0,1.0,1.0,0.0,0.0,1.0,0.0,0.0,0.0,1.0,0.0,0.0,1.0
2019-04-07,21,1.0,1.0,1.0,1.0,1.0,0.0,0.0,1.0,0.0,0.0,0.0,1.0,0.0,0.0,1.0
2019-04-07,22,1.0,1.0,1.0,1.0,1.0,0.0,0.0,1.0,0.0,0.0,0.0,1.0,0.0,0.0,1.0
2019-04-07,23,1.0,1.0,1.0,1.0,1.0,0.0,0.0,1.0,0.0,0.0,0.0,1.0,0.0,0.0,1.0
2019-04-08,0,0.0,0.0,1.0,0.0,1.0,0.0,1.0,1.0,0.0,0.0,0.0,1.0,0.0,0.0,1.0
2019-04-08,1,0.0,0.0,1.0,0.0,1.0,0.0,0.75,0.75,0.0,0.0,0.0,1.0,0.0,0.0,1.0
2019-04-08,2,0.0,0.0,1.0,0.0,1.0,0.0,0.5,0.5,0.0,0.0,0.0,1.0,0.0,0.0,1.0
2019-04-08,3,0.0,0.0,1.0,0.0,1.0,0.0,0.25,0.25,0.0,0.0,0.0,1.0,0.0,0.0,1.0
2019-04-08,18,0.0,0.0,1.0,0.0,1.0,0.16666667,0.0,0.16666667,0.0,1.0,0.0,0.0,0.0,0.0,1.0
2019-04-08,19,0.0,0.0,1.0,0.0,1.0,0.33333334,0.0,0.33333334,0.0,1.0,0.0,0.0,0.0,0.0,1.0
2019-04-08,20,0.0,0.0,1.0,0.0,1.0,0.5,0.0,0.5,0.0,1.0,0.0,0.0,0.0,0.0,1.0
2019-04-08,21,0.0,0.0,1.0,0.0,1.0,0.6666667,0.0,0.6666667,0.0,1.0,0.0,0.0,0.0,0.0,1.0
2019-04-08,22,0.0,0.0,1.0,0.0,1.0,0.8333333,0.0,0.8333333,0.0,1.0,0.0,0.0,0.0,0.0,1.0
2019-04-08,23,0.0,0.0,1.0,0.0,1.0,1.0,0.0,1.0,0.0,1.0,0.0,0.0,0.0,0.0,1.0
2019-04-09,0,1.0,1.0,1.0,1.0,1.0,0.0,0.0,1.0,0.0,1.0,0.0,0.0,0.0,0.0,1.0
2019-04-09,1,1.0,1.0,1.0,1.0,1.0,0.0,0.0,1.0,0.0,1.0,0.0,0.0,0.0,0.0,1.0
2019-04-09,2,1.0,1.0,1.0,1.0,1.0,0.0,0.0,1.0,0.0,1.0,0.0,0.0,0.0,0.0,1.0
2019-04-09,3,1.0,1.0,1.0,1.0,1.0,0.0,0.0,1.0,0.0,1.0,0.0,0.0,0.0,0.0,1.0
2019-04-09,4,1.0,1.0,1.0,1.0,1.0,0.0,0.0,1.0,0.0,1.0,0.0,0.0,0.0,0.0,1.0
2019-04-09,5,1.0,1.0,1.0,1.0,1.0,0.0,0.0,1.0,0.0,1.0,0.0,0.0,0.0,0.0,1.0
2019-04-09,6,1.0,1.0,1.0,1.0,1.0,0.0,0.0,1.0,0.0,1.0,0.0,0.0,0.0,0.0,1.0
2019-04-09,7,1.0,1.0,1.0,1.0,1.0,0.0,0.0,1.0,0.0,1.0,0.0,0.0,0.0,0.0,1.0
2019-04-09,8,1.0,1.0,1.0,1.0,1.0,0.0,0.0,1.0,0.0,1.0,0.0,0.0,0.0,0.0,1.0
2019-04-09,9,1.0,1.0,1.0,1.0,1.0,0.0,0.0,1.0,0.0,1.0,0.0,0.0,0.0,0.0,1.0
2019-04-09,10,1.0,1.0,1.0,1.0,1.0,0.0,0.0,1.0,0.0,1.0,0.0,0.0,0.0,0.0,1.0
2019-04-09,11,1.0,1.0,1.0,1.0,1.0,0.0,0.0,1.0,0.0,1.0,0.0,0.0,0.0,0.0,1.0
2019-04-09,12,1.0,1.0,1.0,1.0,1.0,0.0,0.0,1.0,0.0,1.0,0.0,0.0,0.0,0.0,1.0
2019-04-09,13,1.0,1.0,1.0,1.0,1.0,0.0,0.0,1.0,0.0,1.0,0.0,0.0,0.0,0.0,1.0
2019-04-09,14,1.0,1.0,1.0,1.0,1.0,0.0,0.0,1.0,0.0,1.0,0.0,0.0,0.0,0.0,1.0
2019-04-09,15,1.0,1.0,1.0,1.0,1.0,0.0,0.0,1.0,0.0,1.0,0.0,0.0,0.0,0.0,1.0
2019-04-09,16,1.0,1.0,1.0,1.0,1.0,0.0,0.0,1.0,0.0,1.0,0.0,0.0,0.0,0.0,1.0
2019-04-09,17,1.0,1.0,1.0,1.0,1.0,0.0,0.0,1.0,0.0,1.0,0.0,0.0,0.0,0.0,1.0
2019-04-09,18,1.0,1.0,2.0,1.0,1.0,0.16666667,0.0,1.0,0.0,1.0,0.0,0.0,0.0,0.0,1.0
2019-04-09,19,1.0,1.0,2.0,1.0,1.0,0.33333334,0.0,1.0,0.0,1.0,0.0,0.0,0.0,0.0,1.0
2019-04-09,20,1.0,1.0,2.0,1.0,1.0,0.5,0.0,1.0,0.0,1.0,0.0,0.0,0.0,0.0,1.0
2019-04-09,21,1.0,1.0,2.0,1.0,1.0,0.6666667,0.0,1.0,0.0,1.0,0.0,0.0,0.0,0.0,1.0
2019-04-09,22,1.0,1.0,2.0,1.0,1.0,0.8333333,0.0,1.0,0.0,1.0,0.0,0.0,0.0,0.0,1.0
2019-04-09,23,1.0,1.0,2.0,1.0,1.0,1.0,0.0,1.0,0.0,1.0,0.0,0.0,0.0,0.0,1.0
2019-04-10,0,1.0,1.0,2.0,1.0,1.0,0.0,1.0,1.0,0.0,1.0,0.0,0.0,0.0,0.0,1.0
2019-04-10,1,1.0,1.0,2.0,1.0,1.0,0.0,0.75,1.0,0.0,1.0,0.0,0.0,0.0,0.0,1.0
2019-04-10,2,1.0,1.0,2.0,1.0,1.0,0.0,0.5,1.0,0.0,1.0,0.0,0.0,0.0,0.0,1.0
2019-04-10,3,1.0,1.0,2.0,1.0,1.0,0.0,0.25,1.0,0.0,1.0,0.0,0.0,0.0,0.0,1.0
2019-04-10,4,1.0,1.0,1.0,1.0,1.0,0.0,0.0,1.0,0.0,1.0,0.0,0.0,0.0,0.0,1.0
2019-04-10,5,1.0,1.0,1.0,1.0,1.0,0.0,0.0,1.0,0.0,1.0,0.0,0.0,0.0,0.0,1.0
2019-04-10,6,1.0,1.0,1.0,1.0,1.0,0.0,0.0,1.0,0.0,1.0,0.0,0.0,0.0,0.0,1.0
2019-04-10,7,1.0,1.0,1.0,1.0,1.0,0.0,0.0,1.0,0.0,1.0,0.0,0.0,0.0,0.0,1.0
2019-04-10,8,1.0,1.0,1.0,1.0,1.0,0.0,0.0,1.0,0.0,1.0,0.0,0.0,0.0,0.0,1.0
2019-04-10,9,1.0,1.0,1.0,1.0,1.0,0.0,0.0,1.0,0.0,1.0,0.0,0.0,0.0,0.0,1.0
2019-04-10,10,1.0,1.0,1.0,1.0,1.0,0.0,0.0,1.0,0.0,1.0,0.0,0.0,0.0,0.0,1.0
2019-04-10,11,1.0,1.0,1.0,1.0,1.0,0.0,0.0,1.0,0.0,1.0,0.0,0.0,0.0,0.0,1.0
2019-04-10,12,1.0,1.0,1.0,1.0,1.0,0.0,0.0,1.0,0.0,1.0,0.0,0.0,0.0,0.0,1.0
2019-04-10,13,1.0,1.0,1.0,1.0,1.0,0.0,0.0,1.0,0.0,1.0,0.0,0.0,0.0,0.0,1.0
2019-04-10,14,1.0,1.0,1.0,1.0,1.0,0.0,0.0,1.0,0.0,1.0,0.0,0.0,0.0,0.0,1.0
2019-04-10,15,1.0,1.0,1.0,1.0,1.0,0.0,0.0,1.0,0.0,1.0,0.0,0.0,0.0,0.0,1.0
2019-04-10,16,1.0,1.0,1.0,1.0,1.0,0.0,0.0,1.0,0.0,1.0,0.0,0.0,0.0,0.0,1.0
2019-04-10,17,1.0,1.0,1.0,1.0,1.0,0.0,0.0,1.0,0.0,1.0,0.0,0.0,0.0,0.0,1.0
2019-04-10,18,1.0,1.0,2.0,1.0,1.0,0.16666667,0.0,1.0,0.0,1.0,1.0,0.0,0.0,0.0,1.0
2019-04-10,19,1.0,1.0,2.0,1.0,1.0,0.33333334,0.0,1.0,0.0,1.0,1.0,0.0,0.0,0.0,1.0
2019-04-10,20,1.0,1.0,2.0,1.0,1.0,0.5,0.0,1.0,0.0,1.0,1.0,0.0,0.0,0.0,1.0
2019-04-10,21,1.0,1.0,2.0,1.0,1.0,0.6666667,0.0,1.0,0.0,1.0,1.0,0.0,0.0,0.0,1.0
2019-04-10,22,1.0,1.0,2.0,1.0,1.0,0.8333333,0.0,1.0,0.0,1.0,1.0,0.0,0.0,0.0,1.0
2019-04-10,23,1.0,1.0,2.0,1.0,1.0,1.0,0.0,1.0,0.0,1.0,1.0,0.0,0.0,0.0,1.0
2019-04-11,0,1.0,1.0,2.0,1.0,1.0,0.0,1.0,1.0,0.0,1.0,1.0,0.0,0.0,0.0,1.0
2019-04-11,1,1.0,1.0,2.0,1.0,1.0,0.0,0.75,1.0,0.0,1.0,1.0,0.0,0.0,0.0,1.0
2019-04-11,2,1.0,1.0,2.0,1.0,1.0,0.0,0.5,1.0,0.0,1.0,1.0,0.0,0.0,0.0,1.0
2019-04-11,3,1.0,1.0,2.0,1.0,1.0,0.0,0.25,1.0,0.0,1.0,1.0,0.0,0.0,0.0,1.0
2019-04-11,4,1.0,1.0,1.0,1.0,1.0,0.0,0.0,1.0,0.0,0.0,1.0,0.0,0.0,0.0,1.0
2019-04-11,5,1.0,1.0,1.0,1.0,1.0,0.0,0.0,1.0,0.0,0.0,1.0,0.0,0.0,0.0,1.0
2019-04-11,6,1.0,1.0,1.0,1.0,1.0,0.0,0.0,1.0,0.0,0.0,1.0,0.0,0.0,0.0,1.0
2019-04-11,7,1.0,1.0,1.0,1.0,1.0,0.0,0.0,1.0,0.0,0.0,1.0,0.0,0.0,0.0,1.0
2019-04-11,8,1.0,1.0,1.0,1.0,1.0,0.0,0.0,1.0,0.0,0.0,1.0,0.0,0.0,0.0,1.0
2019-04-11,9,1.0,1.0,1.0,1.0,1.0,0.0,0.0,1.0,0.0,0.0,1.0,0.0,0.0,0.0,1.0
2019-04-11,10,1.0,1.0,1.0,1.0,1.0,0.0,0.0,1.0,0.0,0.0,1.0,0.0,0.0,0.0,1.0
2019-04-11,11,1.0,1.0,1.0,1.0,1.0,0.0,0.0,1.0,0.0,0.0,1.0,0.0,0.0,0.0,1.0
2019-04-11,12,1.0,1.0,1.0,1.0,1.0,0.0,0.0,1.0,0.0,0.0,1.0,0.0,0.0,0.0,1.0
2019-04-11,13,1.0,1.0,1.0,1.0,1.0,0.0,0.0,1.0,0.0,0.0,1.0,0.0,0.0,0.0,1.0
2019-04-11,14,1.0,1.0,1.0,1.0,1.0,0.0,0.0,1.0,0.0,0.0,1.0,0.0,0.0,0.0,1.0
2019-04-11,15,1.0,1.0,1.0,1.0,1.0,0.0,0.0,1.0,0.0,0.0,1.0,0.0,0.0,0.0,1.0
2019-04-11,16,1.0,1.0,1.0,1.0,1.0,0.0,0.0,1.0,0.0,0.0,1.0,0.0,0.0,0.0,1.0
2019-04-11,17,1.0,1.0,1.0,1.0,1.0,0.0,0.0,1.0,0.0,0.0,1.0,0.0,0.0,0.0,1.0
2019-04-11,18,1.0,1.0,2.0,1.0,1.0,0.16666667,0.0,1.0,0.0,0.0,1.0,1.0,0.0,0.0,1.0
2019-04-11,19,1.0,1.0,2.0,1.0,1.0,0.33333334,0.0,1.0,0.0,0.0,1.0,1.0,0.0,0.0,1.0
2019-04-11,20,1.0,1.0,2.0,1.0,1.0,0.5,0.0,1.0,0.0,0.0,1.0,1.0,0.0,0.0,1.0
2019-04-11,21,1.0,1.0,2.0,1.0,1.0,0.6666667,0.0,1.0,0.0,0.0,1.0,1.0,0.0,0.0,1.0
2019-04-11,22,1.0,1.0,2.0,1.0,1.0,0.8333333,0.0,1.0,0.0,0.0,1.0,1.0,0.0,0.0,1.0
2019-04-11,23,1.0,1.0,2.0,1.0,1.0,1.0,0.0,1.0,0.0,0.0,1.0,1.0,0.0,0.0,1.0
2019-04-12,0,1.0,1.0,2.0,1.0,1.0,0.0,1.0,1.0,0.0,0.0,1.0,1.0,0.0,0.0,1.0
2019-04-12,1,1.0,1.0,2.0,1.0,1.0,0.0,0.75,1.0,0.0,0.0,1.0,1.0,0.0,0.0,1.0
2019-04-12,2,1.0,1.0,2.0,1.0,1.0,0.0,0.5,1.0,0.0,0.0,1.0,1.0,0.0,0.0,1.0
2019-04-12,3,1.0,1.0,2.0,1.0,1.0,0.0,0.25,1.0,0.0,0.0,1.0,1.0,0.0,0.0,1.0
2019-04-12,4,1.0,1.0,1.0,1.0,1.0,0.0,0.0,1.0,0.0,0.0,0.0,1.0,0.0,0.0,1.0
2019-04-12,5,1.0,1.0,1.0,1.0,1.0,0.0,0.0,1.0,0.0,0.0,0.0,1.0,0.0,0.0,1.0
2019-04-12,6,1.0,1.0,1.0,1.0,1.0,0.0,0.0,1.0,0.0,0.0,0.0,1.0,0.0,0.0,1.0
2019-04-12,7,1.0,1.0,1.0,1.0,1.0,0.0,0.0,1.0,0.0,0.0,0.0,1.0,0.0,0.0,1.0
2019-04-12,8,1.0,1.0,1.0,1.0,1.0,0.0,0.0,1.0,0.0,0.0,0.0,1.0,0.0,0.0,1.0
2019-04-12,9,1.0,1.0,1.0,1.0,1.0,0.0,0.0,1.0,0.0,0.0,0.0,1.0,0.0,0.0,1.0
2019-04-12,10,1.0,1.0,1.0,1.0,1.0,0.0,0.0,1.0,0.0,0.0,0.0,1.0,0.0,0.0,1.0
2019-04-12,11,1.0,1.0,1.0,1.0,1.0,0.0,0.0,1.0,0.0,0.0,0.0,1.0,0.0,0.0,1.0
2019-04-12,12,1.0,1.0,1.0,1.0,1.0,0.0,0.0,1.0,0.0,0.0,0.0,1.0,0.0,0.0,1.0
2019-04-12,13,1.0,1.0,1.0,1.0,1.0,0.0,0.0,1.0,0.0,0.0,0.0,1.0,0.0,0.0,1.0
2019-04-12,14,1.0,1.0,1.0,1.0,1.0,0.0,0.0,1.0,0.0,0.0,0.0,1.0,0.0,0.0,1.0
2019-04-12,15,1.0,1.0,1.0,1.0,1.0,0.0,0.0,1.0,0.0,0.0,0.0,1.0,0.0,0.0,1.0
2019-04-12,16,1.0,1.0,1.0,1.0,1.0,0.0,0.0,1.0,0.0,0.0,0.0,1.0,0.0,0.0,1.0
2019-04-12,17,1.0,1.0,1.0,1.0,1.0,0.0,0.0,1.0,0.0,0.0,0.0,1.0,0.0,0.0,1.0
2019-04-12,18,1.0,1.0,1.0,1.0,1.0,0.0,0.0,1.0,0.0,0.0,0.0,1.0,0.0,0.0,1.0
2019-04-12,19,1.0,1.0,1.0,1.0,1.0,0.0,0.0,1.0,0.0,0.0,0.0,1.0,0.0,0.0,1.0
2019-04-12,20,1.0,1.0,1.0,1.0,1.0,0.0,0.0,1.0,0.0,0.0,0.0,1.0,0.0,0.0,1.0
2019-04-12,21,1.0,1.0,1.0,1.0,1.0,0.0,0.0,1.0,0.0,0.0,0.0,1.0,0.0,0.0,1.0
2019-04-12,22,1.0,1.0,1.0,1.0,1.0,0.0,0.0,1.0,0.0,0.0,0.0,1.0,0.0,0.0,1.0
2019-04-12,23,1.0,1.0,1.0,1.0,1.0,0.0,0.0,1.0,0.0,0.0,0.0,1.0,0.0,0.0,1.0
2019-04-13,0,0.0,0.0,1.0,0.0,1.0,0.0,1.0,1.0,0.0,0.0,0.0,1.0,0.0,0.0,1.0
2019-04-13,1,0.0,0.0,1.0,0.0,1.0,0.0,0.75,0.75,0.0,0.0,0.0,1.0,0.0,0.0,1.0
2019-04-13,2,0.0,0.0,1.0,0.0,1.0,0.0,0.5,0.5,0.0,0.0,0.0,1.0,0.0,0.0,1.0
2019-04-13,3,0.0,0.0,1.0,0.0,1.0,0.0,0.25,0.25,0.0,0.0,0.0,1.0,0.0,0.0,1.0
2019-04-15,18,0.0,0.0,1.0,0.0,1.0,0.16666667,0.0,0.16666667,0.0,1.0,0.0,0.0,0.0,0.0,1.0
2019-04-15,19,0.0,0.0,1.0,0.0,1.0,0.33333334,0.0,0.33333334,0.0,1.0,0.0,0.0,0.0,0.0,1.0
2019-04-15,20,0.0,0.0,1.0,0.0,1.0,0.5,0.0,0.5,0.0,1.0,0.0,0.0,0.0,0.0,1.0
2019-04-15,21,0.0,0.0,1.0,0.0,1.0,0.6666667,0.0,0.6666667,0.0,1.0,0.0,0.0,0.0,0.0,1.0
2019-04-15,22,0.0,0.0,1.0,0.0,1.0,0.8333333,0.0,0.8333333,0.0,1.0,0.0,0.0,0.0,0.0,1.0
2019-04-15,23,0.0,0.0,1.0,0.0,1.0,1.0,0.0,1.0,0.0,1.0,0.0,0.0,0.0,0.0,1.0
2019-04-16,0,1.0,1.0,1.0,1.0,1.0,0.0,0.0,1.0,0.0,1.0,0.0,0.0,0.0,0.0,1.0
2019-04-16,1,1.0,1.0,1.0,1.0,1.0,0.0,0.0,1.0,0.0,1.0,0.0,0.0,0.0,0.0,1.0
2019-04-16,2,1.0,1.0,1.0,1.0,1.0,0.0,0.0,1.0,0.0,1.0,0.0,0.0,0.0,0.0,1.0
2019-04-16,3,1.0,1.0,1.0,1.0,1.0,0.0,0.0,1.0,0.0,1.0,0.0,0.0,0.0,0.0,1.0
2019-04-16,4,1.0,1.0,1.0,1.0,1.0,0.0,0.0,1.0,0.0,1.0,0.0,0.0,0.0,0.0,1.0
2019-04-16,5,1.0,1.0,1.0,1.0,1.0,0.0,0.0,1.0,0.0,1.0,0.0,0.0,0.0,0.0,1.0
2019-04-16,6,1.0,1.0,1.0,1.0,1.0,0.0,0.0,1.0,0.0,1.0,0.0,0.0,0.0,0.0,1.0
2019-04-16,7,1.0,1.0,1.0,1.0,1.0,0.0,0.0,1.0,0.0,1.0,0.0,0.0,0.0,0.0,1.0
2019-04-16,8,1.0,1.0,1.0,1.0,1.0,0.0,0.0,1.0,0.0,1.0,0.0,0.0,0.0,0.0,1.0
2019-04-16,9,1.0,1.0,1.0,1.0,1.0,0.0,0.0,1.0,0.0,1.0,0.0,0.0,0.0,0.0,1.0
2019-04-16,10,1.0,1.0,1.0,1.0,1.0,0.0,0.0,1.0,0.0,1.0,0.0,0.0,0.0,0.0,1.0
2019-04-16,11,1.0,1.0,1.0,1.0,1.0,0.0,0.0,1.0,0.0,1.0,0.0,0.0,0.0,0.0,1.0
2019-04-16,12,1.0,1.0,1.0,1.0,1.0,0.0,0.0,1.0,0.0,1.0,0.0,0.0,0.0,0.0,1.0
2019-04-16,13,1.0,1.0,1.0,1.0,1.0,0.0,0.0,1.0,0.0,1.0,0.0,0.0,0.0,0.0,1.0
2019-04-16,14,1.0,1.0,1.0,1.0,1.0,0.0,0.0,1.0,0.0,1.0,0.0,0.0,0.0,0.0,1.0
2019-04-16,15,1.0,1.0,1.0,1.0,1.0,0.0,0.0,1.0,0.0,1.0,0.0,0.0,0.0,0.0,1.0
2019-04-16,16,1.0,1.0,1.0,1.0,1.0,0.0,0.0,1.0,0.0,1.0,0.0,0.0,0.0,0.0,1.0
2019-04-16,17,1.0,1.0,1.0,1.0,1.0,0.0,0.0,1.0,0.0,1.0,0.0,0.0,0.0,0.0,1.0
2019-04-16,18,1.0,1.0,3.0,1.0,1.0,0.16666667,0.0,1.0,0.0,1.0,0.0,1.0,0.0,0.0,1.0
2019-04-16,19,1.0,1.0,3.0,1.0,1.0,0.33333334,0.0,1.0,0.0,1.0,0.0,1.0,0.0,0.0,1.0
2019-04-16,20,1.0,1.0,3.0,1.0,1.0,0.5,0.0,1.0,0.0,1.0,0.0,1.0,0.0,0.0,1.0
2019-04-16,21,1.0,1.0,3.0,1.0,1.0,0.6666667,0.0,1.0,0.0,1.0,0.0,1.0,0.0,0.0,1.0
2019-04-16,22,1.0,1.0,3.0,1.0,1.0,0.8333333,0.0,1.0,0.0,1.0,0.0,1.0,0.0,0.0,1.0
2019-04-16,23,1.0,1.0,3.0,1.0,1.0,1.0,0.0,1.0,0.0,1.0,0.0,1.0,0.0,0.0,1.0
2019-04-17,0,1.0,2.0,3.0,1.0,1.0,0.0,1.0,1.0,0.0,1.0,0.0,1.0,0.0,0.0,1.0
2019-04-17,1,1.0,2.0,3.0,1.0,1.0,0.0,0.75,1.0,0.0,1.0,0.0,1.0,0.0,0.0,1.0
2019-04-17,2,1.0,2.0,3.0,1.0,1.0,0.0,0.5,1.0,0.0,1.0,0.0,1.0,0.0,0.0,1.0
2019-04-17,3,1.0,2.0,3.0,1.0,1.0,0.0,0.25,1.0,0.0,1.0,0.0,1.0,0.0,0.0,1.0
2019-04-17,4,1.0,2.0,2.0,1.0,1.0,0.0,0.0,1.0,0.0,1.0,0.0,1.0,0.0,0.0,1.0
2019-04-17,5,1.0,2.0,2.0,1.0,1.0,0.0,0.0,1.0,0.0,1.0,0.0,1.0,0.0,0.0,1.0
2019-04-17,6,1.0,2.0,2.0,1.0,1.0,0.0,0.0,1.0,0.0,1.0,0.0,1.0,0.0,0.0,1.0
2019-04-17,7,1.0,2.0,2.0,1.0,1.0,0.0,0.0,1.0,0.0,1.0,0.0,1.0,0.0,0.0,1.0
2019-04-17,8,1.0,2.0,2.0,1.0,1.0,0.0,0.0,1.0,0.0,1.0,0.0,1.0,0.0,0.0,1.0
2019-04-17,9,1.0,2.0,2.0,1.0,1.0,0.0,0.0,1.0,0.0,1.0,0.0,1.0,0.0,0.0,1.0
2019-04-17,10,1.0,2.0,2.0,1.0,1.0,0.0,0.0,1.0,0.0,1.0,0.0,1.0,0.0,0.0,1.0
2019-04-17,11,1.0,2.0,2.0,1.0,1.0,0.0,0.0,1.0,0.0,1.0,0.0,1.0,0.0,0.0,1.0
2019-04-17,12,1.0,2.0,2.0,1.0,1.0,0.0,0.0,1.0,0.0,1.0,0.0,1.0,0.0,0.0,1.0
2019-04-17,13,1.0,2.0,2.0,1.0,1.0,0.0,0.0,1.0,0.0,1.0,0.0,1.0,0.0,0.0,1.0
2019-04-17,14,1.0,2.0,2.0,1.0,1.0,0.0,0.0,1.0,0.0,1.0,0.0,1.0,0.0,0.0,1.0
2019-04-17,15,1.0,2.0,2.0,1.0,1.0,0.0,0.0,1.0,0.0,1.0,0.0,1.0,0.0,0.0,1.0
2019-04-17,16,1.0,2.0,2.0,1.0,1.0,0.0,0.0,1.0,0.0,1.0,0.0,1.0,0.0,0.0,1.0
2019-04-17,17,1.0,2.0,2.0,1.0,1.0,0.0,0.0,1.0,0.0,1.0,0.0,1.0,0.0,0.0,1.0
2019-04-17,18,1.0,2.0,3.0,1.0,1.0,0.16666667,0.0,1.0,0.0,1.0,1.0,1.0,0.0,0.0,1.0
2019-04-17,19,1.0,2.0,3.0,1.0,1.0,0.33333334,0.0,1.0,0.0,1.0,1.0,1.0,0.0,0.0,1.0
2019-04-17,20,1.0,2.0,3.0,1.0,1.0,0.5,0.0,1.0,0.0,1.0,1.0,1.0,0.0,0.0,1.0
2019-04-17,21,1.0,2.0,3.0,1.0,1.0,0.6666667,0.0,1.0,0.0,1.0,1.0,1.0,0.0,0.0,1.0
2019-04-17,22,1.0,2.0,3.0,1.0,1.0,0.8333333,0.0,1.0,0.0,1.0,1.0,1.0,0.0,0.0,1.0
2019-04-17,23,1.0,2.0,3.0,1.0,1.0,1.0,0.0,1.0,0.0,1.0,1.0,1.0,0.0,0.0,1.0
2019-04-18,0,1.0,1.0,3.0,1.0,1.0,0.0,1.0,1.0,0.0,1.0,1.0,1.0,0.0,0.0,1.0
2019-04-18,1,1.0,1.0,3.0,1.0,1.0,0.0,0.75,1.0,0.0,1.0,1.0,1.0,0.0,0.0,1.0
2019-04-18,2,1.0,1.0,3.0,1.0,1.0,0.0,0.5,1.0,0.0,1.0,1.0,1.0,0.0,0.0,1.0
2019-04-18,3,1.0,1.0,3.0,1.0,1.0,0.0,0.25,1.0,0.0,1.0,1.0,1.0,0.0,0.0,1.0
2019-04-18,4,1.0,1.0,1.0,1.0,1.0,0.0,0.0,1.0,0.0,0.0,1.0,0.0,0.0,0.0,1.0
2019-04-18,5,1.0,1.0,1.0,1.0,1.0,0.0,0.0,1.0,0.0,0.0,1.0,0.0,0.0,0.0,1.0
2019-04-18,6,1.0,1.0,1.0,1.0,1.0,0.0,0.0,1.0,0.0,0.0,1.0,0.0,0.0,0.0,1.0
2019-04-18,7,1.0,1.0,1.0,1.0,1.0,0.0,0.0,1.0,0.0,0.0,1.0,0.0,0.0,0.0,1.0
2019-04-18,8,1.0,1.0,1.0,1.0,1.0,0.0,0.0,1.0,0.0,0.0,1.0,0.0,0.0,0.0,1.0
2019-04-18,9,1.0,1.0,1.0,1.0,1.0,0.0,0.0,1.0,0.0,0.0,1.0,0.0,0.0,0.0,1.0
2019-04-18,10,1.0,1.0,1.0,1.0,1.0,0.0,0.0,1.0,0.0,0.0,1.0,0.0,0.0,0.0,1.0
2019-04-18,11,1.0,1.0,1.0,1.0,1.0,0.0,0.0,1.0,0.0,0.0,1.0,0.0,0.0,0.0,1.0
2019-04-18,12,1.0,1.0,1.0,1.0,1.0,0.0,0.0,1.0,0.0,0.0,1.0,0.0,0.0,0.0,1.0
2019-04-18,13,1.0,1.0,1.0,1.0,1.0,0.0,0.0,1.0,0.0,0.0,1.0,0.0,0.0,0.0,1.0
2019-04-18,14,1.0,1.0,1.0,1.0,1.0,0.0,0.0,1.0,0.0,0.0,1.0,0.0,0.0,0.0,1.0
2019-04-18,15,1.0,1.0,1.0,1.0,1.0,0.0,0.0,1.0,0.0,0.0,1.0,0.0,0.0,0.0,1.0
2019-04-18,16,1.0,1.0,1.0,1.0,1.0,0.0,0.0,1.0,0.0,0.0,1.0,0.0,0.0,0.0,1.0
2019-04-18,17,1.0,1.0,1.0,1.0,1.0,0.0,0.0,1.0,0.0,0.0,1.0,0.0,0.0,0.0,1.0
2019-04-18,18,1.0,1.0,1.0,1.0,1.0,0.0,0.0,1.0,0.0,0.0,1.0,0.0,0.0,0.0,1.0
2019-04-18,19,1.0,1.0,1.0,1.0,1.0,0.0,0.0,1.0,0.0,0.0,1.0,0.0,0.0,0.0,1.0
2019-04-18,20,1.0,1.0,1.0,1.0,1.0,0.0,0.0,1.0,0.0,0.0,1.0,0.0,0.0,0.0,1.0
2019-04-18,21,1.0,1.0,1.0,1.0,1.0,0.0,0.0,1.0,0.0,0.0,1.0,0.0,0.0,0.0,1.0
2019-04-18,22,1.0,1.0,1.0,1.0,1.0,0.0,0.0,1.0,0.0,0.0,1.0,0.0,0.0,0.0,1.0
2019-04-18,23,1.0,1.0,1.0,1.0,1.0,0.0,0.0,1.0,0.0,0.0,1.0,0.0,0.0,0.0,1.0
2019-04-19,0,0.0,0.0,1.0,0.0,1.0,0.0,1.0,1.0,0.0,0.0,1.0,0.0,0.0,0.0,1.0
2019-04-19,1,0.0,0.0,1.0,0.0,1.0,0.0,0.75,0.75,0.0,0.0,1.0,0.0,0.0,0.0,1.0
2019-04-19,2,0.0,0.0,1.0,0.0,1.0,0.0,0.5,0.5,0.0,0.0,1.0,0.0,0.0,0.0,1.0
2019-04-19,3,0.0,0.0,1.0,0.0,1.0,0.0,0.25,0.25,0.0,0.0,1.0,0.0,0.0,0.0,1.0
2019-04-20,18,0.0,0.0,1.0,0.0,1.0,0.16666667,0.0,0.16666667,0.0,0.0,0.0,1.0,0.0,0.0,1.0
2019-04-20,19,0.0,0.0,1.0,0.0,1.0,0.33333334,0.0,0.33333334,0.0,0.0,0.0,1.0,0.0,0.0,1.0
2019-04-20,20,0.0,0.0,1.0,0.0,1.0,0.5,0.0,0.5,0.0,0.0,0.0,1.0,0.0,0.0,1.0
2019-04-20,21,0.0,0.0,1.0,0.0,1.0,0.6666667,0.0,0.6666667,0.0,0.0,0.0,1.0,0.0,0.0,1.0
2019-04-20,22,0.0,0.0,1.0,0.0,1.0,0.8333333,0.0,0.8333333,0.0,0.0,0.0,1.0,0.0,0.0,1.0
2019-04-20,23,0.0,0.0,1.0,0.0,1.0,1.0,0.0,1.0,0.0,0.0,0.0,1.0,0.0,0.0,1.0
2019-04-21,0,1.0,1.0,1.0,1.0,1.0,0.0,0.0,1.0,0.0,0.0,0.0,1.0,0.0,0.0,1.0
2019-04-21,1,1.0,1.0,1.0,1.0,1.0,0.0,0.0,1.0,0.0,0.0,0.0,1.0,0.0,0.0,1.0
2019-04-21,2,1.0,1.0,1.0,1.0,1.0,0.0,0.0,1.0,0.0,0.0,0.0,1.0,0.0,0.0,1.0
2019-04-21,3,1.0,1.0,1.0,1.0,1.0,0.0,0.0,1.0,0.0,0.0,0.0,1.0,0.0,0.0,1.0
2019-04-21,4,1.0,1.0,1.0,1.0,1.0,0.0,0.0,1.0,0.0,0.0,0.0,1.0,0.0,0.0,1.0
2019-04-21,5,1.0,1.0,1.0,1.0,1.0,0.0,0.0,1.0,0.0,0.0,0.0,1.0,0.0,0.0,1.0
2019-04-21,6,1.0,1.0,1.0,1.0,1.0,0.0,0.0,1.0,0.0,0.0,0.0,1.0,0.0,0.0,1.0
2019-04-21,7,1.0,1.0,1.0,1.0,1.0,0.0,0.0,1.0,0.0,0.0,0.0,1.0,0.0,0.0,1.0
2019-04-21,8,1.0,1.0,1.0,1.0,1.0,0.0,0.0,1.0,0.0,0.0,0.0,1.0,0.0,0.0,1.0
2019-04-21,9,1.0,1.0,1.0,1.0,1.0,0.0,0.0,1.0,0.0,0.0,0.0,1.0,0.0,0.0,1.0
2019-04-21,10,1.0,1.0,1.0,1.0,1.0,0.0,0.0,1.0,0.0,0.0,0.0,1.0,0.0,0.0,1.0
2019-04-21,11,1.0,1.0,1.0,1.0,1.0,0.0,0.0,1.0,0.0,0.0,0.0,1.0,0.0,0.0,1.0
2019-04-21,12,1.0,1.0,1.0,1.0,1.0,0.0,0.0,1.0,0.0,0.0,0.0,1.0,0.0,0.0,1.0
2019-04-21,13,1.0,1.0,1.0,1.0,1.0,0.0,0.0,1.0,0.0,0.0,0.0,1.0,0.0,0.0,1.0
2019-04-21,14,1.0,1.0,1.0,1.0,1.0,0.0,0.0,1.0,0.0,0.0,0.0,1.0,0.0,0.0,1.0
2019-04-21,15,1.0,1.0,1.0,1.0,1.0,0.0,0.0,1.0,0.0,0.0,0.0,1.0,0.0,0.0,1.0
2019-04-21,16,1.0,1.0,1.0,1.0,1.0,0.0,0.0,1.0,0.0,0.0,0.0,1.0,0.0,0.0,1.0
2019-04-21,17,1.0,1.0,1.0,1.0,1.0,0.0,0.0,1.0,0.0,0.0,0.0,1.0,0.0,0.0,1.0
2019-04-21,18,1.0,1.0,2.0,1.0,1.0,0.16666667,0.0,1.0,0.0,0.0,0.0,1.0,1.0,1.0,1.0
2019-04-21,19,1.0,1.0,2.0,1.0,1.0,0.33333334,0.0,1.0,0.0,0.0,0.0,1.0,1.0,1.0,1.0
2019-04-21,20,1.0,1.0,2.0,1.0,1.0,0.5,0.0,1.0,0.0,0.0,0.0,1.0,1.0,1.0,1.0
2019-04-21,21,1.0,1.0,2.0,1.0,1.0,0.6666667,0.0,1.0,0.0,0.0,0.0,1.0,1.0,1.0,1.0
2019-04-21,22,1.0,1.0,2.0,1.0,1.0,0.8333333,0.0,1.0,0.0,0.0,0.0,1.0,1.0,1.0,1.0
2019-04-21,23,1.0,1.0,2.0,1.0,1.0,1.0,0.0,1.0,0.0,0.0,0.0,1.0,1.0,1.0,1.0
2019-04-22,0,1.0,1.0,2.0,0.6,1.0,0.0,1.0,1.0,0.0,0.0,0.0,1.0,1.0,1.0,1.0
2019-04-22,1,1.0,1.0,2.0,0.6,1.0,0.0,0.75,1.0,0.0,0.0,0.0,1.0,1.0,1.0,1.0
2019-04-22,2,1.0,1.0,2.0,0.6,1.0,0.0,0.5,1.0,0.0,0.0,0.0,1.0,1.0,1.0,1.0
2019-04-22,3,1.0,1.0,2.0,0.6,1.0,0.0,0.25,1.0,0.0,0.0,0.0,1.0,1.0,1.0,1.0
2019-04-22,4,1.0,1.0,1.0,0.6,1.0,0.0,0.0,1.0,0.0,0.0,0.0,0.0,1.0,1.0,0.0
2019-04-22,5,1.0,1.0,1.0,0.6,1.0,0.0,0.0,1.0,0.0,0.0,0.0,0.0,1.0,1.0,0.0
2019-04-22,6,1.0,1.0,1.0,0.6,1.0,0.0,0.0,1.0,0.0,0.0,0.0,0.0,1.0,1.0,0.0
2019-04-22,7,1.0,1.0,1.0,0.6,1.0,0.0,0.0,1.0,0.0,0.0,0.0,0.0,1.0,1.0,0.0
2019-04-22,8,1.0,1.0,1.0,0.6,1.0,0.0,0.0,1.0,0.0,0.0,0.0,0.0,1.0,1.0,0.0
2019-04-22,9,1.0,1.0,1.0,0.6,1.0,0.0,0.0,1.0,0.0,0.0,0.0,0.0,1.0,1.0,0.0
2019-04-22,10,1.0,1.0,1.0,0.6,1.0,0.0,0.0,1.0,0.0,0.0,0.0,0.0,1.0,1.0,0.0
2019-04-22,11,1.0,1.0,1.0,0.6,1.0,0.0,0.0,1.0,0.0,0.0,0.0,0.0,1.0,1.0,0.0
2019-04-22,12,1.0,1.0,1.0,0.6,1.0,0.0,0.0,1.0,0.0,0.0,0.0,0.0,1.0,1.0,0.0
2019-04-22,13,1.0,1.0,1.0,0.6,1.0,0.0,0.0,1.0,0.0,0.0,0.0,0.0,1.0,1.0,0.0
2019-04-22,14,1.0,1.0,1.0,0.6,1.0,0.0,0.0,1.0,0.0,0.0,0.0,0.0,1.0,1.0,0.0
2019-04-22,15,1.0,1.0,1.0,0.6,1.0,0.0,0.0,1.0,0.0,0.0,0.0,0.0,1.0,1.0,0.0
2019-04-22,16,1.0,1.0,1.0,0.6,1.0,0.0,0.0,1.0,0.0,0.0,0.0,0.0,1.0,1.0,0.0
2019-04-22,17,1.0,1.0,1.0,0.6,1.0,0.0,0.0,1.0,0.0,0.0,0.0,0.0,1.0,1.0,0.0
2019-04-22,18,1.0,1.0,1.0,0.6,1.0,0.0,0.0,1.0,0.0,0.0,0.0,0.0,1.0,1.0,0.0
2019-04-22,19,1.0,1.0,1.0,0.6,1.0,0.0,0.0,1.0,0.0,0.0,0.0,0.0,1.0,1.0,0.0
2019-04-22,20,1.0,1.0,1.0,0.6,1.0,0.0,0.0,1.0,0.0,0.0,0.0,0.0,1.0,1.0,0.0
2019-04-22,21,1.0,1.0,1.0,0.6,1.0,0.0,0.0,1.0,0.0,0.0,0.0,0.0,1.0,1.0,0.0
2019-04-22,22,1.0,1.0,1.0,0.6,1.0,0.0,0.0,1.0,0.0,0.0,0.0,0.0,1.0,1.0,0.0
2019-04-22,23,1.0,1.0,1.0,0.6,1.0,0.0,0.0,1.0,0.0,0.0,0.0,0.0,1.0,1.0,0.0
2019-04-23,0,0.0,0.0,1.0,0.0,1.0,0.0,1.0,1.0,0.0,0.0,0.0,0.0,1.0,1.0,0.0
2019-04-23,1,0.0,0.0,1.0,0.0,1.0,0.0,0.75,0.75,0.0,0.0,0.0,0.0,1.0,1.0,0.0
2019-04-23,2,0.0,0.0,1.0,0.0,1.0,0.0,0.5,0.5,0.0,0.0,0.0,0.0,1.0,1.0,0.0
2019-04-23,3,0.0,0.0,1.0,0.0,1.0,0.0,0.25,0.25,0.0,0.0,0.0,0.0,1.0,1.0,0.0
2019-04-27,18,0.0,0.0,1.0,0.0,1.0,0.16666667,0.0,0.16666667,0.0,0.0,0.0,1.0,0.0,0.0,1.0
2019-04-27,19,0.0,0.0,1.0,0.0,1.0,0.33333334,0.0,0.33333334,0.0,0.0,0.0,1.0,0.0,0.0,1.0
2019-04-27,20,0.0,0.0,1.0,0.0,1.0,0.5,0.0,0.5,0.0,0.0,0.0,1.0,0.0,0.0,1.0
2019-04-27,21,0.0,0.0,1.0,0.0,1.0,0.6666667,0.0,0.6666667,0.0,0.0,0.0,1.0,0.0,0.0,1.0
2019-04-27,22,0.0,0.0,1.0,0.0,1.0,0.8333333,0.0,0.8333333,0.0,0.0,0.0,1.0,0.0,0.0,1.0
2019-04-27,23,0.0,0.0,1.0,0.0,1.0,1.0,0.0,1.0,0.0,0.0,0.0,1.0,0.0,0.0,1.0
2019-04-28,0,1.0,1.0,1.0,1.0,1.0,0.0,0.0,1.0,0.0,0.0,0.0,1.0,0.0,0.0,1.0
2019-04-28,1,1.0,1.0,1.0,1.0,1.0,0.0,0.0,1.0,0.0,0.0,0.0,1.0,0.0,0.0,1.0
2019-04-28,2,1.0,1.0,1.0,1.0,1.0,0.0,0.0,1.0,0.0,0.0,0.0,1.0,0.0,0.0,1.0
2019-04-28,3,1.0,1.0,1.0,1.0,1.0,0.0,0.0,1.0,0.0,0.0,0.0,1.0,0.0,0.0,1.0
2019-04-28,4,1.0,1.0,1.0,1.0,1.0,0.0,0.0,1.0,0.0,0.0,0.0,1.0,0.0,0.0,1.0
2019-04-28,5,1.0,1.0,1.0,1.0,1.0,0.0,0.0,1.0,0.0,0.0,0.0,1.0,0.0,0.0,1.0
2019-04-28,6,1.0,1.0,1.0,1.0,1.0,0.0,0.0,1.0,0.0,0.0,0.0,1.0,0.0,0.0,1.0
2019-04-28,7,1.0,1.0,1.0,1.0,1.0,0.0,0.0,1.0,0.0,0.0,0.0,1.0,0.0,0.0,1.0
2019-04-28,8,1.0,1.0,1.0,1.0,1.0,0.0,0.0,1.0,0.0,0.0,0.0,1.0,0.0,0.0,1.0
2019-04-28,9,1.0,1.0,1.0,1.0,1.0,0.0,0.0,1.0,0.0,0.0,0.0,1.0,0.0,0.0,1.0
2019-04-28,10,1.0,1.0,1.0,1.0,1.0,0.0,0.0,1.0,0.0,0.0,0.0,1.0,0.0,0.0,1.0
2019-04-28,11,1.0,1.0,1.0,1.0,1.0,0.0,0.0,1.0,0.0,0.0,0.0,1.0,0.0,0.0,1.0
2019-04-28,12,1.0,1.0,1.0,1.0,1.0,0.0,0.0,1.0,0.0,0.0,0.0,1.0,0.0,0.0,1.0
2019-04-28,13,1.0,1.0,1.0,1.0,1.0,0.0,0.0,1.0,0.0,0.0,0.0,1.0,0.0,0.0,1.0
2019-04-28,14,1.0,1.0,1.0,1.0,1.0,0.0,0.0,1.0,0.0,0.0,0.0,1.0,0.0,0.0,1.0
2019-04-28,15,1.0,1.0,1.0,1.0,1.0,0.0,0.0,1.0,0.0,0.0,0.0,1.0,0.0,0.0,1.0
2019-04-28,16,1.0,1.0,1.0,1.0,1.0,0.0,0.0,1.0,0.0,0.0,0.0,1.0,0.0,0.0,1.0
2019-04-28,17,1.0,1.0,1.0,1.0,1.0,0.0,0.0,1.0,0.0,0.0,0.0,1.0,0.0,0.0,1.0
2019-04-28,18,1.0,1.0,1.0,1.0,1.0,0.0,0.0,1.0,0.0,0.0,0.0,1.0,0.0,0.0,1.0
2019-04-28,19,1.0,1.0,1.0,1.0,1.0,0.0,0.0,1.0,0.0,0.0,0.0,1.0,0.0,0.0,1.0
2019-04-28,20,1.0,1.0,1.0,1.0,1.0,0.0,0.0,1.0,0.0,0.0,0.0,1.0,0.0,0.0,1.0
2019-04-28,21,1.0,1.0,1.0,1.0,1.0,0.0,0.0,1.0,0.0,0.0,0.0,1.0,0.0,0.0,1.0
2019-04-28,22,1.0,1.0,1.0,1.0,1.0,0.0,0.0,1.0,0.0,0.0,0.0,1.0,0.0,0.0,1.0
2019-04-28,23,1.0,1.0,1.0,1.0,1.0,0.0,0.0,1.0,0.0,0.0,0.0,1.0,0.0,0.0,1.0
2019-04-29,0,0.0,0.0,1.0,0.0,1.0,0.0,1.0,1.0,0.0,0.0,0.0,1.0,0.0,0.0,1.0
2019-04-29,1,0.0,0.0,1.0,0.0,1.0,0.0,0.75,0.75,0.0,0.0,0.0,1.0,0.0,0.0,1.0
2019-04-29,2,0.0,0.0,1.0,0.0,1.0,0.0,0.5,0.5,0.0,0.0,0.0,1.0,0.0,0.0,1.0
2019-04-29,3,0.0,0.0,1.0,0.0,1.0,0.0,0.25,0.25,0.0,0.0,0.0,1.0,0.0,0.0,1.0
2019-04-29,18,0.0,0.0,1.0,0.0,1.0,0.16666667,0.0,0.16666667,0.0,1.0,0.0,0.0,0.0,0.0,1.0
2019-04-29,19,0.0,0.0,1.0,0.0,1.0,0.33333334,0.0,0.33333334,0.0,1.0,0.0,0.0,0.0,0.0,1.0
2019-04-29,20,0.0,0.0,1.0,0.0,1.0,0.5,0.0,0.5,0.0,1.0,0.0,0.0,0.0,0.0,1.0
2019-04-29,21,0.0,0.0,1.0,0.0,1.0,0.6666667,0.0,0.6666667,0.0,1.0,0.0,0.0,0.0,0.0,1.0
2019-04-29,22,0.0,0.0,1.0,0.0,1.0,0.8333333,0.0,0.8333333,0.0,1.0,0.0,0.0,0.0,0.0,1.0
2019-04-29,23,0.0,0.0,1.0,0.0,1.0,1.0,0.0,1.0,0.0,1.0,0.0,0.0,0.0,0.0,1.0
2019-04-30,0,1.0,1.0,1.0,1.0,1.0,0.0,0.0,1.0,0.0,1.0,0.0,0.0,0.0,0.0,1.0
2019-04-30,1,1.0,1.0,1.0,1.0,1.0,0.0,0.0,1.0,0.0,1.0,0.0,0.0,0.0,0.0,1.0
2019-04-30,2,1.0,1.0,1.0,1.0,1.0,0.0,0.0,1.0,0.0,1.0,0.0,0.0,0.0,0.0,1.0
2019-04-30,3,1.0,1.0,1.0,1.0,1.0,0.0,0.0,1.0,0.0,1.0,0.0,0.0,0.0,0.0,1.0
2019-04-30,4,1.0,1.0,1.0,1.0,1.0,0.0,0.0,1.0,0.0,1.0,0.0,0.0,0.0,0.0,1.0
2019-04-30,5,1.0,1.0,1.0,1.0,1.0,0.0,0.0,1.0,0.0,1.0,0.0,0.0,0.0,0.0,1.0
2019-04-30,6,1.0,1.0,1.0,1.0,1.0,0.0,0.0,1.0,0.0,1.0,0.0,0.0,0.0,0.0,1.0
2019-04-30,7,1.0,1.0,1.0,1.0,1.0,0.0,0.0,1.0,0.0,1.0,0.0,0.0,0.0,0.0,1.0
2019-04-30,8,1.0,1.0,1.0,1.0,1.0,0.0,0.0,1.0,0.0,1.0,0.0,0.0,0.0,0.0,1.0
2019-04-30,9,1.0,1.0,1.0,1.0,1.0,0.0,0.0,1.0,0.0,1.0,0.0,0.0,0.0,0.0,1.0
2019-04-30,10,1.0,1.0,1.0,1.0,1.0,0.0,0.0,1.0,0.0,1.0,0.0,0.0,0.0,0.0,1.0
2019-04-30,11,1.0,1.0,1.0,1.0,1.0,0.0,0.0,1.0,0.0,1.0,0.0,0.0,0.0,0.0,1.0
2019-04-30,12,1.0,1.0,1.0,1.0,1.0,0.0,0.0,1.0,0.0,1.0,0.0,0.0,0.0,0.0,1.0
2019-04-30,13,1.0,1.0,1.0,1.0,1.0,0.0,0.0,1.0,0.0,1.0,0.0,0.0,0.0,0.0,1.0
2019-04-30,14,1.0,1.0,1.0,1.0,1.0,0.0,0.0,1.0,0.0,1.0,0.0,0.0,0.0,0.0,1.0
2019-04-30,15,1.0,1.0,1.0,1.0,1.0,0.0,0.0,1.0,0.0,1.0,0.0,0.0,0.0,0.0,1.0
2019-04-30,16,1.0,1.0,1.0,1.0,1.0,0.0,0.0,1.0,0.0,1.0,0.0,0.0,0.0,0.0,1.0
2019-04-30,17,1.0,1.0,1.0,1.0,1.0,0.0,0.0,1.0,0.0,1.0,0.0,0.0,0.0,0.0,1.0
2019-04-30,18,1.0,1.0,3.0,1.0,1.0,0.16666667,0.0,1.0,0.0,1.0,0.0,0.0,1.0,1.0,1.0
2019-04-30,19,1.0,1.0,3.0,1.0,1.0,0.33333334,0.0,1.0,0.0,1.0,0.0,0.0,1.0,1.0,1.0
2019-04-30,20,1.0,1.0,3.0,1.0,1.0,0.5,0.0,1.0,0.0,1.0,0.0,0.0,1.0,1.0,1.0
2019-04-30,21,1.0,1.0,3.0,1.0,1.0,0.6666667,0.0,1.0,0.0,1.0,0.0,0.0,1.0,1.0,1.0
2019-04-30,22,1.0,1.0,3.0,1.0,1.0,0.8333333,0.0,1.0,0.0,1.0,0.0,0.0,1.0,1.0,1.0
2019-04-30,23,1.0,1.0,3.0,1.0,1.0,1.0,0.0,1.0,0.0,1.0,0.0,0.0,1.0,1.0,1.0
2019-05-01,0,1.0,2.0,3.0,1.0,1.0,0.0,1.0,1.0,0.0,1.0,0.0,0.0,1.0,1.0,1.0
2019-05-01,1,1.0,2.0,3.0,1.0,1.0,0.0,0.75,1.0,0.0,1.0,0.0,0.0,1.0,1.0,1.0
2019-05-01,2,1.0,2.0,3.0,1.0,1.0,0.0,0.5,1.0,0.0,1.0,0.0,0.0,1.0,1.0,1.0
2019-05-01,3,1.0,2.0,3.0,1.0,1.0,0.0,0.25,1.0,0.0,1.0,0.0,0.0,1.0,1.0,1.0
2019-05-01,4,1.0,2.0,2.0,1.0,1.0,0.0,0.0,1.0,0.0,1.0,0.0,0.0,1.0,1.0,1.0
2019-05-01,5,1.0,2.0,2.0,1.0,1.0,0.0,0.0,1.0,0.0,1.0,0.0,0.0,1.0,1.0,1.0
2019-05-01,6,1.0,2.0,2.0,1.0,1.0,0.0,0.0,1.0,0.0,1.0,0.0,0.0,1.0,1.0,1.0
2019-05-01,7,1.0,2.0,2.0,1.0,1.0,0.0,0.0,1.0,0.0,1.0,0.0,0.0,1.0,1.0,1.0
2019-05-01,8,1.0,2.0,2.0,1.0,1.0,0.0,0.0,1.0,0.0,1.0,0.0,0.0,1.0,1.0,1.0
2019-05-01,9,1.0,2.0,2.0,1.0,1.0,0.0,0.0,1.0,0.0,1.0,0.0,0.0,1.0,1.0,1.0
2019-05-01,10,1.0,2.0,2.0,1.0,1.0,0.0,0.0,1.0,0.0,1.0,0.0,0.0,1.0,1.0,1.0
2019-05-01,11,1.0,2.0,2.0,1.0,1.0,0.0,0.0,1.0,0.0,1.0,0.0,0.0,1.0,1.0,1.0
2019-05-01,12,1.0,2.0,2.0,1.0,1.0,0.0,0.0,1.0,0.0,1.0,0.0,0.0,1.0,1.0,1.0
2019-05-01,13,1.0,2.0,2.0,1.0,1.0,0.0,0.0,1.0,0.0,1.0,0.0,0.0,1.0,1.0,1.0
2019-05-01,14,1.0,2.0,2.0,1.0,1.0,0.0,0.0,1.0,0.0,1.0,0.0,0.0,1.0,1.0,1.0
2019-05-01,15,1.0,2.0,2.0,1.0,1.0,0.0,0.0,1.0,0.0,1.0,0.0,0.0,1.0,1.0,1.0
2019-05-01,16,1.0,2.0,2.0,1.0,1.0,0.0,0.0,1.0,0.0,1.0,0.0,0.0,1.0,1.0,1.0
2019-05-01,17,1.0,2.0,2.0,1.0,1.0,0.0,0.0,1.0,0.0,1.0,0.0,0.0,1.0,1.0,1.0
2019-05-01,18,1.0,2.0,3.0,1.0,1.0,0.16666667,0.0,1.0,0.0,1.0,1.0,0.0,1.0,1.0,1.0
2019-05-01,19,1.0,2.0,3.0,1.0,1.0,0.33333334,0.0,1.0,0.0,1.0,1.0,0.0,1.0,1.0,1.0
2019-05-01,20,1.0,2.0,3.0,1.0,1.0,0.5,0.0,1.0,0.0,1.0,1.0,0.0,1.0,1.0,1.0
2019-05-01,21,1.0,2.0,3.0,1.0,1.0,0.6666667,0.0,1.0,0.0,1.0,1.0,0.0,1.0,1.0,1.0
2019-05-01,22,1.0,2.0,3.0,1.0,1.0,0.8333333,0.0,1.0,0.0,1.0,1.0,0.0,1.0,1.0,1.0
2019-05-01,23,1.0,2.0,3.0,1.0,1.0,1.0,0.0,1.0,0.0,1.0,1.0,0.0,1.0,1.0,1.0
2019-05-02,0,1.0,1.0,3.0,1.0,1.0,0.0,1.0,1.0,0.0,1.0,1.0,0.0,1.0,1.0,1.0
2019-05-02,1,1.0,1.0,3.0,1.0,1.0,0.0,0.75,1.0,0.0,1.0,1.0,0.0,1.0,1.0,1.0
2019-05-02,2,1.0,1.0,3.0,1.0,1.0,0.0,0.5,1.0,0.0,1.0,1.0,0.0,1.0,1.0,1.0
2019-05-02,3,1.0,1.0,3.0,1.0,1.0,0.0,0.25,1.0,0.0,1.0,1.0,0.0,1.0,1.0,1.0
2019-05-02,4,1.0,1.0,1.0,1.0,1.0,0.0,0.0,1.0,0.0,0.0,1.0,0.0,0.0,0.0,1.0
2019-05-02,5,1.0,1.0,1.0,1.0,1.0,0.0,0.0,1.0,0.0,0.0,1.0,0.0,0.0,0.0,1.0
2019-05-02,6,1.0,1.0,1.0,1.0,1.0,0.0,0.0,1.0,0.0,0.0,1.0,0.0,0.0,0.0,1.0
2019-05-02,7,1.0,1.0,1.0,1.0,1.0,0.0,0.0,1.0,0.0,0.0,1.0,0.0,0.0,0.0,1.0
2019-05-02,8,1.0,1.0,1.0,1.0,1.0,0.0,0.0,1.0,0.0,0.0,1.0,0.0,0.0,0.0,1.0
2019-05-02,9,1.0,1.0,1.0,1.0,1.0,0.0,0.0,1.0,0.0,0.0,1.0,0.0,0.0,0.0,1.0
2019-05-02,10,1.0,1.0,1.0,1.0,1.0,0.0,0.0,1.0,0.0,0.0,1.0,0.0,0.0,0.0,1.0
2019-05-02,11,1.0,1.0,1.0,1.0,1.0,0.0,0.0,1.0,0.0,0.0,1.0,0.0,0.0,0.0,1.0
2019-05-02,12,1.0,1.0,1.0,1.0,1.0,0.0,0.0,1.0,0.0,0.0,1.0,0.0,0.0,0.0,1.0
2019-05-02,13,1.0,1.0,1.0,1.0,1.0,0.0,0.0,1.0,0.0,0.0,1.0,0.0,0.0,0.0,1.0
2019-05-02,14,1.0,1.0,1.0,1.0,1.0,0.0,0.0,1.0,0.0,0.0,1.0,0.0,0.0,0.0,1.0
2019-05-02,15,1.0,1.0,1.0,1.0,1.0,0.0,0.0,1.0,0.0,0.0,1.0,0.0,0.0,0.0,1.0
2019-05-02,16,1.0,1.0,1.0,1.0,1.0,0.0,0.0,1.0,0.0,0.0,1.0,0.0,0.0,0.0,1.0
2019-05-02,17,1.0,1.0,1.0,1.0,1.0,0.0,0.0,1.0,0.0,0.0,1.0,0.0,0.0,0.0,1.0
2019-05-02,18,1.0,1.0,1.0,1.0,1.0,0.0,0.0,1.0,0.0,0.0,1.0,0.0,0.0,0.0,1.0
2019-05-02,19,1.0,1.0,1.0,1.0,1.0,0.0,0.0,1.0,0.0,0.0,1.0,0.0,0.0,0.0,1.0
2019-05-02,20,1.0,1.0,1.0,1.0,1.0,0.0,0.0,1.0,0.0,0.0,1.0,0.0,0.0,0.0,1.0
2019-05-02,21,1.0,1.0,1.0,1.0,1.0,0.0,0.0,1.0,0.0,0.0,1.0,0.0,0.0,0.0,1.0
2019-05-02,22,1.0,1.0,1.0,1.0,1.0,0.0,0.0,1.0,0.0,0.0,1.0,0.0,0.0,0.0,1.0
2019-05-02,23,1.0,1.0,1.0,1.0,1.0,0.0,0.0,1.0,0.0,0.0,1.0,0.0,0.0,0.0,1.0
2019-05-03,0,0.0,0.0,1.0,0.0,1.0,0.0,1.0,1.0,0.0,0.0,1.0,0.0,0.0,0.0,1.0
2019-05-03,1,0.0,0.0,1.0,0.0,1.0,0.0,0.75,0.75,0.0,0.0,1.0,0.0,0.0,0.0,1.0
2019-05-03,2,0.0,0.0,1.0,0.0,1.0,0.0,0.5,0.5,0.0,0.0,1.0,0.0,0.0,0.0,1.0
2019-05-03,3,0.0,0.0,1.0,0.0,1.0,0.0,0.25,0.25,0.0,0.0,1.0,0.0,0.0,0.0,1.0
2019-05-04,18,0.0,0.0,1.0,0.0,1.0,0.16666667,0.0,0.16666667,0.0,0.0,0.0,1.0,0.0,0.0,1.0
2019-05-04,19,0.0,0.0,1.0,0.0,1.0,0.33333334,0.0,0.33333334,0.0,0.0,0.0,1.0,0.0,0.0,1.0
2019-05-04,20,0.0,0.0,1.0,0.0,1.0,0.5,0.0,0.5,0.0,0.0,0.0,1.0,0.0,0.0,1.0
2019-05-04,21,0.0,0.0,1.0,0.0,1.0,0.6666667,0.0,0.6666667,0.0,0.0,0.0,1.0,0.0,0.0,1.0
2019-05-04,22,0.0,0.0,1.0,0.0,1.0,0.8333333,0.0,0.8333333,0.0,0.0,0.0,1.0,0.0,0.0,1.0
2019-05-04,23,0.0,0.0,1.0,0.0,1.0,1.0,0.0,1.0,0.0,0.0,0.0,1.0,0.0,0.0,1.0
2019-05-05,0,1.0,1.0,1.0,1.0,1.0,0.0,0.0,1.0,0.0,0.0,0.0,1.0,0.0,0.0,1.0
2019-05-05,1,1.0,1.0,1.0,1.0,1.0,0.0,0.0,1.0,0.0,0.0,0.0,1.0,0.0,0.0,1.0
2019-05-05,2,1.0,1.0,1.0,1.0,1.0,0.0,0.0,1.0,0.0,0.0,0.0,1.0,0.0,0.0,1.0
2019-05-05,3,1.0,1.0,1.0,1.0,1.0,0.0,0.0,1.0,0.0,0.0,0.0,1.0,0.0,0.0,1.0
2019-05-05,4,1.0,1.0,1.0,1.0,1.0,0.0,0.0,1.0,0.0,0.0,0.0,1.0,0.0,0.0,1.0
2019-05-05,5,1.0,1.0,1.0,1.0,1.0,0.0,0.0,1.0,0.0,0.0,0.0,1.0,0.0,0.0,1.0
2019-05-05,6,1.0,1.0,1.0,1.0,1.0,0.0,0.0,1.0,0.0,0.0,0.0,1.0,0.0,0.0,1.0
2019-05-05,7,1.0,1.0,1.0,1.0,1.0,0.0,0.0,1.0,0.0,0.0,0.0,1.0,0.0,0.0,1.0
2019-05-05,8,1.0,1.0,1.0,1.0,1.0,0.0,0.0,1.0,0.0,0.0,0.0,1.0,0.0,0.0,1.0
2019-05-05,9,1.0,1.0,1.0,1.0,1.0,0.0,0.0,1.0,0.0,0.0,0.0,1.0,0.0,0.0,1.0
2019-05-05,10,1.0,1.0,1.0,1.0,1.0,0.0,0.0,1.0,0.0,0.0,0.0,1.0,0.0,0.0,1.0
2019-05-05,11,1.0,1.0,1.0,1.0,1.0,0.0,0.0,1.0,0.0,0.0,0.0,1.0,0.0,0.0,1.0
2019-05-05,12,1.0,1.0,1.0,1.0,1.0,0.0,0.0,1.0,0.0,0.0,0.0,1.0,0.0,0.0,1.0
2019-05-05,13,1.0,1.0,1.0,1.0,1.0,0.0,0.0,1.0,0.0,0.0,0.0,1.0,0.0,0.0,1.0
2019-05-05,14,1.0,1.0,1.0,1.0,1.0,0.0,0.0,1.0,0.0,0.0,0.0,1.0,0.0,0.0,1.0
2019-05-05,15,1.0,1.0,1.0,1.0,1.0,0.0,0.0,1.0,0.0,0.0,0.0,1.0,0.0,0.0,1.0
2019-05-05,16,1.0,1.0,1.0,1.0,1.0,0.0,0.0,1.0,0.0,0.0,0.0,1.0,0.0,0.0,1.0
2019-05-05,17,1.0,1.0,1.0,1.0,1.0,0.0,0.0,1.0,0.0,0.0,0.0,1.0,0.0,0.0,1.0
2019-05-05,18,1.0,1.0,1.0,1.0,1.0,0.0,0.0,1.0,0.0,0.0,0.0,1.0,0.0,0.0,1.0
2019-05-05,19,1.0,1.0,1.0,1.0,1.0,0.0,0.0,1.0,0.0,0.0,0.0,1.0,0.0,0.0,1.0
2019-05-05,20,1.0,1.0,1.0,1.0,1.0,0.0,0.0,1.0,0.0,0.0,0.0,1.0,0.0,0.0,1.0
2019-05-05,21,1.0,1.0,1.0,1.0,1.0,0.0,0.0,1.0,0.0,0.0,0.0,1.0,0.0,0.0,1.0
2019-05-05,22,1.0,1.0,1.0,1.0,1.0,0.0,0.0,1.0,0.0,0.0,0.0,1.0,0.0,0.0,1.0
2019-05-05,23,1.0,1.0,1.0,1.0,1.0,0.0,0.0,1.0,0.0,0.0,0.0,1.0,0.0,0.0,1.0
2019-05-06,0,0.0,0.0,1.0,0.0,1.0,0.0,1.0,1.0,0.0,0.0,0.0,1.0,0.0,0.0,1.0
2019-05-06,1,0.0,0.0,1.0,0.0,1.0,0.0,0.75,0.75,0.0,0.0,0.0,1.0,0.0,0.0,1.0
2019-05-06,2,0.0,0.0,1.0,0.0,1.0,0.0,0.5,0.5,0.0,0.0,0.0,1.0,0.0,0.0,1.0
2019-05-06,3,0.0,0.0,1.0,0.0,1.0,0.0,0.25,0.25,0.0,0.0,0.0,1.0,0.0,0.0,1.0
2019-05-06,18,0.0,0.0,1.0,0.0,1.0,0.16666667,0.0,0.16666667,0.0,1.0,0.0,0.0,0.0,0.0,1.0
2019-05-06,19,0.0,0.0,1.0,0.0,1.0,0.33333334,0.0,0.33333334,0.0,1.0,0.0,0.0,0.0,0.0,1.0
2019-05-06,20,0.0,0.0,1.0,0.0,1.0,0.5,0.0,0.5,0.0,1.0,0.0,0.0,0.0,0.0,1.0
2019-05-06,21,0.0,0.0,1.0,0.0,1.0,0.6666667,0.0,0.6666667,0.0,1.0,0.0,0.0,0.0,0.0,1.0
2019-05-06,22,0.0,0.0,1.0,0.0,1.0,0.8333333,0.0,0.8333333,0.0,1.0,0.0,0.0,0.0,0.0,1.0
2019-05-06,23,0.0,0.0,1.0,0.0,1.0,1.0,0.0,1.0,0.0,1.0,0.0,0.0,0.0,0.0,1.0
2019-05-07,0,1.0,1.0,1.0,1.0,1.0,0.0,0.0,1.0,0.0,1.0,0.0,0.0,0.0,0.0,1.0
2019-05-07,1,1.0,1.0,1.0,1.0,1.0,0.0,0.0,1.0,0.0,1.0,0.0,0.0,0.0,0.0,1.0
2019-05-07,2,1.0,1.0,1.0,1.0,1.0,0.0,0.0,1.0,0.0,1.0,0.0,0.0,0.0,0.0,1.0
2019-05-07,3,1.0,1.0,1.0,1.0,1.0,0.0,0.0,1.0,0.0,1.0,0.0,0.0,0.0,0.0,1.0
2019-05-07,4,1.0,1.0,1.0,1.0,1.0,0.0,0.0,1.0,0.0,1.0,0.0,0.0,0.0,0.0,1.0
2019-05-07,5,1.0,1.0,1.0,1.0,1.0,0.0,0.0,1.0,0.0,1.0,0.0,0.0,0.0,0.0,1.0
2019-05-07,6,1.0,1.0,1.0,1.0,1.0,0.0,0.0,1.0,0.0,1.0,0.0,0.0,0.0,0.0,1.0
2019-05-07,7,1.0,1.0,1.0,1.0,1.0,0.0,0.0,1.0,0.0,1.0,0.0,0.0,0.0,0.0,1.0
2019-05-07,8,1.0,1.0,1.0,1.0,1.0,0.0,0.0,1.0,0.0,1.0,0.0,0.0,0.0,0.0,1.0
2019-05-07,9,1.0,1.0,1.0,1.0,1.0,0.0,0.0,1.0,0.0,1.0,0.0,0.0,0.0,0.0,1.0
2019-05-07,10,1.0,1.0,1.0,1.0,1.0,0.0,0.0,1.0,0.0,1.0,0.0,0.0,0.0,0.0,1.0
2019-05-07,11,1.0,1.0,1.0,1.0,1.0,0.0,0.0,1.0,0.0,1.0,0.0,0.0,0.0,0.0,1.0
2019-05-07,12,1.0,1.0,1.0,1.0,1.0,0.0,0.0,1.0,0.0,1.0,0.0,0.0,0.0,0.0,1.0
2019-05-07,13,1.0,1.0,1.0,1.0,1.0,0.0,0.0,1.0,0.0,1.0,0.0,0.0,0.0,0.0,1.0
2019-05-07,14,1.0,1.0,1.0,1.0,1.0,0.0,0.0,1.0,0.0,1.0,0.0,0.0,0.0,0.0,1.0
2019-05-07,15,1.0,1.0,1.0,1.0,1.0,0.0,0.0,1.0,0.0,1.0,0.0,0.0,0.0,0.0,1.0
2019-05-07,16,1.0,1.0,1.0,1.0,1.0,0.0,0.0,1.0,0.0,1.0,0.0,0.0,0.0,0.0,1.0
2019-05-07,17,1.0,1.0,1.0,1.0,1.0,0.0,0.0,1.0,0.0,1.0,0.0,0.0,0.0,0.0,1.0
2019-05-07,18,1.0,1.0,3.0,1.0,1.0,0.16666667,0.0,1.0,0.0,1.0,0.0,0.0,1.0,1.0,1.0
2019-05-07,19,1.0,1.0,3.0,1.0,1.0,0.33333334,0.0,1.0,0.0,1.0,0.0,0.0,1.0,1.0,1.0
2019-05-07,20,1.0,1.0,3.0,1.0,1.0,0.5,0.0,1.0,0.0,1.0,0.0,0.0,1.0,1.0,1.0
2019-05-07,21,1.0,1.0,3.0,1.0,1.0,0.6666667,0.0,1.0,0.0,1.0,0.0,0.0,1.0,1.0,1.0
2019-05-07,22,1.0,1.0,3.0,1.0,1.0,0.8333333,0.0,1.0,0.0,1.0,0.0,0.0,1.0,1.0,1.0
2019-05-07,23,1.0,1.0,3.0,1.0,1.0,1.0,0.0,1.0,0.0,1.0,0.0,0.0,1.0,1.0,1.0
2019-05-08,0,1.0,2.0,3.0,1.0,1.0,0.0,1.0,1.0,0.0,1.0,0.0,0.0,1.0,1.0,1.0
2019-05-08,1,1.0,2.0,3.0,1.0,1.0,0.0,0.75,1.0,0.0,1.0,0.0,0.0,1.0,1.0,1.0
2019-05-08,2,1.0,2.0,3.0,1.0,1.0,0.0,0.5,1.0,0.0,1.0,0.0,0.0,1.0,1.0,1.0
2019-05-08,3,1.0,2.0,3.0,1.0,1.0,0.0,0.25,1.0,0.0,1.0,0.0,0.0,1.0,1.0,1.0
2019-05-08,4,1.0,2.0,2.0,1.0,1.0,0.0,0.0,1.0,0.0,1.0,0.0,0.0,1.0,1.0,1.0
2019-05-08,5,1.0,2.0,2.0,1.0,1.0,0.0,0.0,1.0,0.0,1.0,0.0,0.0,1.0,1.0,1.0
2019-05-08,6,1.0,2.0,2.0,1.0,1.0,0.0,0.0,1.0,0.0,1.0,0.0,0.0,1.0,1.0,1.0
2019-05-08,7,1.0,2.0,2.0,1.0,1.0,0.0,0.0,1.0,0.0,1.0,0.0,0.0,1.0,1.0,1.0
2019-05-08,8,1.0,2.0,2.0,1.0,1.0,0.0,0.0,1.0,0.0,1.0,0.0,0.0,1.0,1.0,1.0
2019-05-08,9,1.0,2.0,2.0,1.0,1.0,0.0,0.0,1.0,0.0,1.0,0.0,0.0,1.0,1.0,1.0
2019-05-08,10,1.0,2.0,2.0,1.0,1.0,0.0,0.0,1.0,0.0,1.0,0.0,0.0,1.0,1.0,1.0
2019-05-08,11,1.0,2.0,2.0,1.0,1.0,0.0,0.0,1.0,0.0,1.0,0.0,0.0,1.0,1.0,1.0
2019-05-08,12,1.0,2.0,2.0,1.0,1.0,0.0,0.0,1.0,0.0,1.0,0.0,0.0,1.0,1.0,1.0
2019-05-08,13,1.0,2.0,2.0,1.0,1.0,0.0,0.0,1.0,0.0,1.0,0.0,0.0,1.0,1.0,1.0
2019-05-08,14,1.0,2.0,2.0,1.0,1.0,0.0,0.0,1.0,0.0,1.0,0.0,0.0,1.0,1.0,1.0
2019-05-08,15,1.0,2.0,2.0,1.0,1.0,0.0,0.0,1.0,0.0,1.0,0.0,0.0,1.0,1.0,1.0
2019-05-08,16,1.0,2.0,2.0,1.0,1.0,0.0,0.0,1.0,0.0,1.0,0.0,0.0,1.0,1.0,1.0
2019-05-08,17,1.0,2.0,2.0,1.0,1.0,0.0,0.0,1.0,0.0,1.0,0.0,0.0,1.0,1.0,1.0
2019-05-08,18,1.0,2.0,3.0,1.0,1.0,0.16666667,0.0,1.0,0.0,1.0,1.0,0.0,1.0,1.0,1.0
2019-05-08,19,1.0,2.0,3.0,1.0,1.0,0.33333334,0.0,1.0,0.0,1.0,1.0,0.0,1.0,1.0,1.0
2019-05-08,20,1.0,2.0,3.0,1.0,1.0,0.5,0.0,1.0,0.0,1.0,1.0,0.0,1.0,1.0,1.0
2019-05-08,21,1.0,2.0,3.0,1.0,1.0,0.6666667,0.0,1.0,0.0,1.0,1.0,0.0,1.0,1.0,1.0
2019-05-08,22,1.0,2.0,3.0,1.0,1.0,0.8333333,0.0,1.0,0.0,1.0,1.0,0.0,1.0,1.0,1.0
2019-05-08,23,1.0,2.0,3.0,1.0,1.0,1.0,0.0,1.0,0.0,1.0,1.0,0.0,1.0,1.0,1.0
2019-05-09,0,1.0,1.0,3.0,1.0,1.0,0.0,1.0,1.0,0.0,1.0,1.0,0.0,1.0,1.0,1.0
2019-05-09,1,1.0,1.0,3.0,1.0,1.0,0.0,0.75,1.0,0.0,1.0,1.0,0.0,1.0,1.0,1.0
2019-05-09,2,1.0,1.0,3.0,1.0,1.0,0.0,0.5,1.0,0.0,1.0,1.0,0.0,1.0,1.0,1.0
2019-05-09,3,1.0,1.0,3.0,1.0,1.0,0.0,0.25,1.0,0.0,1.0,1.0,0.0,1.0,1.0,1.0
2019-05-09,4,1.0,1.0,1.0,1.0,1.0,0.0,0.0,1.0,0.0,0.0,1.0,0.0,0.0,0.0,1.0
2019-05-09,5,1.0,1.0,1.0,1.0,1.0,0.0,0.0,1.0,0.0,0.0,1.0,0.0,0.0,0.0,1.0
2019-05-09,6,1.0,1.0,1.0,1.0,1.0,0.0,0.0,1.0,0.0,0.0,1.0,0.0,0.0,0.0,1.0
2019-05-09,7,1.0,1.0,1.0,1.0,1.0,0.0,0.0,1.0,0.0,0.0,1.0,0.0,0.0,0.0,1.0
2019-05-09,8,1.0,1.0,1.0,1.0,1.0,0.0,0.0,1.0,0.0,0.0,1.0,0.0,0.0,0.0,1.0
2019-05-09,9,1.0,1.0,1.0,1.0,1.0,0.0,0.0,1.0,0.0,0.0,1.0,0.0,0.0,0.0,1.0
2019-05-09,10,1.0,1.0,1.0,1.0,1.0,0.0,0.0,1.0,0.0,0.0,1.0,0.0,0.0,0.0,1.0
2019-05-09,11,1.0,1.0,1.0,1.0,1.0,0.0,0.0,1.0,0.0,0.0,1.0,0.0,0.0,0.0,1.0
2019-05-09,12,1.0,1.0,1.0,1.0,1.0,0.0,0.0,1.0,0.0,0.0,1.0,0.0,0.0,0.0,1.0
2019-05-09,13,1.0,1.0,1.0,1.0,1.0,0.0,0.0,1.0,0.0,0.0,1.0,0.0,0.0,0.0,1.0
2019-05-09,14,1.0,1.0,1.0,1.0,1.0,0.0,0.0,1.0,0.0,0.0,1.0,0.0,0.0,0.0,1.0
2019-05-09,15,1.0,1.0,1.0,1.0,1.0,0.0,0.0,1.0,0.0,0.0,1.0,0.0,0.0,0.0,1.0
2019-05-09,16,1.0,1.0,1.0,1.0,1.0,0.0,0.0,1.0,0.0,0.0,1.0,0.0,0.0,0.0,1.0
2019-05-09,17,1.0,1.0,1.0,1.0,1.0,0.0,0.0,1.0,0.0,0.0,1.0,0.0,0.0,0.0,1.0
2019-05-09,18,1.0,1.0,1.0,1.0,1.0,0.0,0.0,1.0,0.0,0.0,1.0,0.0,0.0,0.0,1.0
2019-05-09,19,1.0,1.0,1.0,1.0,1.0,0.0,0.0,1.0,0.0,0.0,1.0,0.0,0.0,0.0,1.0
2019-05-09,20,1.0,1.0,1.0,1.0,1.0,0.0,0.0,1.0,0.0,0.0,1.0,0.0,0.0,0.0,1.0
2019-05-09,21,1.0,1.0,1.0,1.0,1.0,0.0,0.0,1.0,0.0,0.0,1.0,0.0,0.0,0.0,1.0
2019-05-09,22,1.0,1.0,1.0,1.0,1.0,0.0,0.0,1.0,0.0,0.0,1.0,0.0,0.0,0.0,1.0
2019-05-09,23,1.0,1.0,1.0,1.0,1.0,0.0,0.0,1.0,0.0,0.0,1.0,0.0,0.0,0.0,1.0
2019-05-10,0,0.0,0.0,1.0,0.0,1.0,0.0,1.0,1.0,0.0,0.0,1.0,0.0,0.0,0.0,1.0
2019-05-10,1,0.0,0.0,1.0,0.0,1.0,0.0,0.75,0.75,0.0,0.0,1.0,0.0,0.0,0.0,1.0
2019-05-10,2,0.0,0.0,1.0,0.0,1.0,0.0,0.5,0.5,0.0,0.0,1.0,0.0,0.0,0.0,1.0
2019-05-10,3,0.0,0.0,1.0,0.0,1.0,0.0,0.25,0.25,0.0,0.0,1.0,0.0,0.0,0.0,1.0
2019-05-10,18,0.0,0.0,1.0,0.0,1.0,0.16666667,0.0,0.16666667,0.0,0.0,0.0,1.0,0.0,0.0,1.0
2019-05-10,19,0.0,0.0,1.0,0.0,1.0,0.33333334,0.0,0.33333334,0.0,0.0,0.0,1.0,0.0,0.0,1.0
2019-05-10,20,0.0,0.0,1.0,0.0,1.0,0.5,0.0,0.5,0.0,0.0,0.0,1.0,0.0,0.0,1.0
2019-05-10,21,0.0,0.0,1.0,0.0,1.0,0.6666667,0.0,0.6666667,0.0,0.0,0.0,1.0,0.0,0.0,1.0
2019-05-10,22,0.0,0.0,1.0,0.0,1.0,0.8333333,0.0,0.8333333,0.0,0.0,0.0,1.0,0.0,0.0,1.0
2019-05-10,23,0.0,0.0,1.0,0.0,1.0,1.0,0.0,1.0,0.0,0.0,0.0,1.0,0.0,0.0,1.0
2019-05-11,0,1.0,1.0,1.0,1.0,1.0,0.0,0.0,1.0,0.0,0.0,0.0,1.0,0.0,0.0,1.0
2019-05-11,1,1.0,1.0,1.0,1.0,1.0,0.0,0.0,1.0,0.0,0.0,0.0,1.0,0.0,0.0,1.0
2019-05-11,2,1.0,1.0,1.0,1.0,1.0,0.0,0.0,1.0,0.0,0.0,0.0,1.0,0.0,0.0,1.0
2019-05-11,3,1.0,1.0,1.0,1.0,1.0,0.0,0.0,1.0,0.0,0.0,0.0,1.0,0.0,0.0,1.0
2019-05-11,4,1.0,1.0,1.0,1.0,1.0,0.0,0.0,1.0,0.0,0.0,0.0,1.0,0.0,0.0,1.0
2019-05-11,5,1.0,1.0,1.0,1.0,1.0,0.0,0.0,1.0,0.0,0.0,0.0,1.0,0.0,0.0,1.0
2019-05-11,6,1.0,1.0,1.0,1.0,1.0,0.0,0.0,1.0,0.0,0.0,0.0,1.0,0.0,0.0,1.0
2019-05-11,7,1.0,1.0,1.0,1.0,1.0,0.0,0.0,1.0,0.0,0.0,0.0,1.0,0.0,0.0,1.0
2019-05-11,8,1.0,1.0,1.0,1.0,1.0,0.0,0.0,1.0,0.0,0.0,0.0,1.0,0.0,0.0,1.0
2019-05-11,9,1.0,1.0,1.0,1.0,1.0,0.0,0.0,1.0,0.0,0.0,0.0,1.0,0.0,0.0,1.0
2019-05-11,10,1.0,1.0,1.0,1.0,1.0,0.0,0.0,1.0,0.0,0.0,0.0,1.0,0.0,0.0,1.0
2019-05-11,11,1.0,1.0,1.0,1.0,1.0,0.0,0.0,1.0,0.0,0.0,0.0,1.0,0.0,0.0,1.0
2019-05-11,12,1.0,1.0,1.0,1.0,1.0,0.0,0.0,1.0,0.0,0.0,0.0,1.0,0.0,0.0,1.0
2019-05-11,13,1.0,1.0,1.0,1.0,1.0,0.0,0.0,1.0,0.0,0.0,0.0,1.0,0.0,0.0,1.0
2019-05-11,14,1.0,1.0,1.0,1.0,1.0,0.0,0.0,1.0,0.0,0.0,0.0,1.0,0.0,0.0,1.0
2019-05-11,15,1.0,1.0,1.0,1.0,1.0,0.0,0.0,1.0,0.0,0.0,0.0,1.0,0.0,0.0,1.0
2019-05-11,16,1.0,1.0,1.0,1.0,1.0,0.0,0.0,1.0,0.0,0.0,0.0,1.0,0.0,0.0,1.0
2019-05-11,17,1.0,1.0,1.0,1.0,1.0,0.0,0.0,1.0,0.0,0.0,0.0,1.0,0.0,0.0,1.0
2019-05-11,18,1.0,1.0,1.0,1.0,1.0,0.0,0.0,1.0,0.0,0.0,0.0,1.0,0.0,0.0,1.0
2019-05-11,19,1.0,1.0,1.0,1.0,1.0,0.0,0.0,1.0,0.0,0.0,0.0,1.0,0.0,0.0,1.0
2019-05-11,20,1.0,1.0,1.0,1.0,1.0,0.0,0.0,1.0,0.0,0.0,0.0,1.0,0.0,0.0,1.0
2019-05-11,21,1.0,1.0,1.0,1.0,1.0,0.0,0.0,1.0,0.0,0.0,0.0,1.0,0.0,0.0,1.0
2019-05-11,22,1.0,1.0,1.0,1.0,1.0,0.0,0.0,1.0,0.0,0.0,0.0,1.0,0.0,0.0,1.0
2019-05-11,23,1.0,1.0,1.0,1.0,1.0,0.0,0.0,1.0,0.0,0.0,0.0,1.0,0.0,0.0,1.0
2019-05-12,0,0.0,0.0,1.0,0.0,1.0,0.0,1.0,1.0,0.0,0.0,0.0,1.0,0.0,0.0,1.0
2019-05-12,1,0.0,0.0,1.0,0.0,1.0,0.0,0.75,0.75,0.0,0.0,0.0,1.0,0.0,0.0,1.0
2019-05-12,2,0.0,0.0,1.0,0.0,1.0,0.0,0.5,0.5,0.0,0.0,0.0,1.0,0.0,0.0,1.0
2019-05-12,3,0.0,0.0,1.0,0.0,1.0,0.0,0.25,0.25,0.0,0.0,0.0,1.0,0.0,0.0,1.0
2019-05-17,18,0.0,0.0,1.0,0.0,1.0,0.16666667,0.0,0.16666667,0.0,0.0,0.0,1.0,0.0,0.0,1.0
2019-05-17,19,0.0,0.0,1.0,0.0,1.0,0.33333334,0.0,0.33333334,0.0,0.0,0.0,1.0,0.0,0.0,1.0
2019-05-17,20,0.0,0.0,1.0,0.0,1.0,0.5,0.0,0.5,0.0,0.0,0.0,1.0,0.0,0.0,1.0
2019-05-17,21,0.0,0.0,1.0,0.0,1.0,0.6666667,0.0,0.6666667,0.0,0.0,0.0,1.0,0.0,0.0,1.0
2019-05-17,22,0.0,0.0,1.0,0.0,1.0,0.8333333,0.0,0.8333333,0.0,0.0,0.0,1.0,0.0,0.0,1.0
2019-05-17,23,0.0,0.0,1.0,0.0,1.0,1.0,0.0,1.0,0.0,0.0,0.0,1.0,0.0,0.0,1.0
2019-05-18,0,1.0,1.0,1.0,1.0,1.0,0.0,0.0,1.0,0.0,0.0,0.0,1.0,0.0,0.0,1.0
2019-05-18,1,1.0,1.0,1.0,1.0,1.0,0.0,0.0,1.0,0.0,0.0,0.0,1.0,0.0,0.0,1.0
2019-05-18,2,1.0,1.0,1.0,1.0,1.0,0.0,0.0,1.0,0.0,0.0,0.0,1.0,0.0,0.0,1.0
2019-05-18,3,1.0,1.0,1.0,1.0,1.0,0.0,0.0,1.0,0.0,0.0,0.0,1.0,0.0,0.0,1.0
2019-05-18,4,1.0,1.0,1.0,1.0,1.0,0.0,0.0,1.0,0.0,0.0,0.0,1.0,0.0,0.0,1.0
2019-05-18,5,1.0,1.0,1.0,1.0,1.0,0.0,0.0,1.0,0.0,0.0,0.0,1.0,0.0,0.0,1.0
2019-05-18,6,1.0,1.0,1.0,1.0,1.0,0.0,0.0,1.0,0.0,0.0,0.0,1.0,0.0,0.0,1.0
2019-05-18,7,1.0,1.0,1.0,1.0,1.0,0.0,0.0,1.0,0.0,0.0,0.0,1.0,0.0,0.0,1.0
2019-05-18,8,1.0,1.0,1.0,1.0,1.0,0.0,0.0,1.0,0.0,0.0,0.0,1.0,0.0,0.0,1.0
2019-05-18,9,1.0,1.0,1.0,1.0,1.0,0.0,0.0,1.0,0.0,0.0,0.0,1.0,0.0,0.0,1.0
2019-05-18,10,1.0,1.0,1.0,1.0,1.0,0.0,0.0,1.0,0.0,0.0,0.0,1.0,0.0,0.0,1.0
2019-05-18,11,1.0,1.0,1.0,1.0,1.0,0.0,0.0,1.0,0.0,0.0,0.0,1.0,0.0,0.0,1.0
2019-05-18,12,1.0,1.0,1.0,1.0,1.0,0.0,0.0,1.0,0.0,0.0,0.0,1.0,0.0,0.0,1.0
2019-05-18,13,1.0,1.0,1.0,1.0,1.0,0.0,0.0,1.0,0.0,0.0,0.0,1.0,0.0,0.0,1.0
2019-05-18,14,1.0,1.0,1.0,1.0,1.0,0.0,0.0,1.0,0.0,0.0,0.0,1.0,0.0,0.0,1.0
2019-05-18,15,1.0,1.0,1.0,1.0,1.0,0.0,0.0,1.0,0.0,0.0,0.0,1.0,0.0,0.0,1.0
2019-05-18,16,1.0,1.0,1.0,1.0,1.0,0.0,0.0,1.0,0.0,0.0,0.0,1.0,0.0,0.0,1.0
2019-05-18,17,1.0,1.0,1.0,1.0,1.0,0.0,0.0,1.0,0.0,0.0,0.0,1.0,0.0,0.0,1.0
2019-05-18,18,1.0,1.0,1.0,1.0,1.0,0.0,0.0,1.0,0.0,0.0,0.0,1.0,0.0,0.0,1.0
2019-05-18,19,1.0,1.0,1.0,1.0,1.0,0.0,0.0,1.0,0.0,0.0,0.0,1.0,0.0,0.0,1.0
2019-05-18,20,1.0,1.0,1.0,1.0,1.0,0.0,0.0,1.0,0.0,0.0,0.0,1.0,0.0,0.0,1.0
2019-05-18,21,1.0,1.0,1.0,1.0,1.0,0.0,0.0,1.0,0.0,0.0,0.0,1.0,0.0,0.0,1.0
2019-05-18,22,1.0,1.0,1.0,1.0,1.0,0.0,0.0,1.0,0.0,0.0,0.0,1.0,0.0,0.0,1.0
2019-05-18,23,1.0,1.0,1.0,1.0,1.0,0.0,0.0,1.0,0.0,0.0,0.0,1.0,0.0,0.0,1.0
2019-05-19,0,0.0,0.0,1.0,0.0,1.0,0.0,1.0,1.0,0.0,0.0,0.0,1.0,0.0,0.0,1.0
2019-05-19,1,0.0,0.0,1.0,0.0,1.0,0.0,0.75,0.75,0.0,0.0,0.0,1.0,0.0,0.0,1.0
2019-05-19,2,0.0,0.0,1.0,0.0,1.0,0.0,0.5,0.5,0.0,0.0,0.0,1.0,0.0,0.0,1.0
2019-05-19,3,0.0,0.0,1.0,0.0,1.0,0.0,0.25,0.25,0.0,0.0,0.0,1.0,0.0,0.0,1.0
2019-05-23,18,0.0,0.0,1.0,0.0,1.0,0.16666667,0.0,0.16666667,0.0,0.0,0.0,1.0,0.0,0.0,1.0
2019-05-23,19,0.0,0.0,1.0,0.0,1.0,0.33333334,0.0,0.33333334,0.0,0.0,0.0,1.0,0.0,0.0,1.0
2019-05-23,20,0.0,0.0,1.0,0.0,1.0,0.5,0.0,0.5,0.0,0.0,0.0,1.0,0.0,0.0,1.0
2019-05-23,21,0.0,0.0,1.0,0.0,1.0,0.6666667,0.0,0.6666667,0.0,0.0,0.0,1.0,0.0,0.0,1.0
2019-05-23,22,0.0,0.0,1.0,0.0,1.0,0.8333333,0.0,0.8333333,0.0,0.0,0.0,1.0,0.0,0.0,1.0
2019-05-23,23,0.0,0.0,1.0,0.0,1.0,1.0,0.0,1.0,0.0,0.0,0.0,1.0,0.0,0.0,1.0
2019-05-24,0,1.0,1.0,1.0,1.0,1.0,0.0,0.0,1.0,0.0,0.0,0.0,1.0,0.0,0.0,1.0
2019-05-24,1,1.0,1.0,1.0,1.0,1.0,0.0,0.0,1.0,0.0,0.0,0.0,1.0,0.0,0.0,1.0
2019-05-24,2,1.0,1.0,1.0,1.0,1.0,0.0,0.0,1.0,0.0,0.0,0.0,1.0,0.0,0.0,1.0
2019-05-24,3,1.0,1.0,1.0,1.0,1.0,0.0,0.0,1.0,0.0,0.0,0.0,1.0,0.0,0.0,1.0
2019-05-24,4,1.0,1.0,1.0,1.0,1.0,0.0,0.0,1.0,0.0,0.0,0.0,1.0,0.0,0.0,1.0
2019-05-24,5,1.0,1.0,1.0,1.0,1.0,0.0,0.0,1.0,0.0,0.0,0.0,1.0,0.0,0.0,1.0
2019-05-24,6,1.0,1.0,1.0,1.0,1.0,0.0,0.0,1.0,0.0,0.0,0.0,1.0,0.0,0.0,1.0
2019-05-24,7,1.0,1.0,1.0,1.0,1.0,0.0,0.0,1.0,0.0,0.0,0.0,1.0,0.0,0.0,1.0
2019-05-24,8,1.0,1.0,1.0,1.0,1.0,0.0,0.0,1.0,0.0,0.0,0.0,1.0,0.0,0.0,1.0
2019-05-24,9,1.0,1.0,1.0,1.0,1.0,0.0,0.0,1.0,0.0,0.0,0.0,1.0,0.0,0.0,1.0
2019-05-24,10,1.0,1.0,1.0,1.0,1.0,0.0,0.0,1.0,0.0,0.0,0.0,1.0,0.0,0.0,1.0
2019-05-24,11,1.0,1.0,1.0,1.0,1.0,0.0,0.0,1.0,0.0,0.0,0.0,1.0,0.0,0.0,1.0
2019-05-24,12,1.0,1.0,1.0,1.0,1.0,0.0,0.0,1.0,0.0,0.0,0.0,1.0,0.0,0.0,1.0
2019-05-24,13,1.0,1.0,1.0,1.0,1.0,0.0,0.0,1.0,0.0,0.0,0.0,1.0,0.0,0.0,1.0
2019-05-24,14,1.0,1.0,1.0,1.0,1.0,0.0,0.0,1.0,0.0,0.0,0.0,1.0,0.0,0.0,1.0
2019-05-24,15,1.0,1.0,1.0,1.0,1.0,0.0,0.0,1.0,0.0,0.0,0.0,1.0,0.0,0.0,1.0
2019-05-24,16,1.0,1.0,1.0,1.0,1.0,0.0,0.0,1.0,0.0,0.0,0.0,1.0,0.0,0.0,1.0
2019-05-24,17,1.0,1.0,1.0,1.0,1.0,0.0,0.0,1.0,0.0,0.0,0.0,1.0,0.0,0.0,1.0
2019-05-24,18,1.0,1.0,1.0,1.0,1.0,0.0,0.0,1.0,0.0,0.0,0.0,1.0,0.0,0.0,1.0
2019-05-24,19,1.0,1.0,1.0,1.0,1.0,0.0,0.0,1.0,0.0,0.0,0.0,1.0,0.0,0.0,1.0
2019-05-24,20,1.0,1.0,1.0,1.0,1.0,0.0,0.0,1.0,0.0,0.0,0.0,1.0,0.0,0.0,1.0
2019-05-24,21,1.0,1.0,1.0,1.0,1.0,0.0,0.0,1.0,0.0,0.0,0.0,1.0,0.0,0.0,1.0
2019-05-24,22,1.0,1.0,1.0,1.0,1.0,0.0,0.0,1.0,0.0,0.0,0.0,1.0,0.0,0.0,1.0
2019-05-24,23,1.0,1.0,1.0,1.0,1.0,0.0,0.0,1.0,0.0,0.0,0.0,1.0,0.0,0.0,1.0
2019-05-25,0,0.0,0.0,1.0,0.0,1.0,0.0,1.0,1.0,0.0,0.0,0.0,1.0,0.0,0.0,1.0
2019-05-25,1,0.0,0.0,1.0,0.0,1.0,0.0,0.75,0.75,0.0,0.0,0.0,1.0,0.0,0.0,1.0
2019-05-25,2,0.0,0.0,1.0,0.0,1.0,0.0,0.5,0.5,0.0,0.0,0.0,1.0,0.0,0.0,1.0
2019-05-25,3,0.0,0.0,1.0,0.0,1.0,0.0,0.25,0.25,0.0,0.0,0.0,1.0,0.0,0.0,1.0
2019-05-28,18,0.0,0.0,1.0,0.0,1.0,0.16666667,0.0,0.16666667,0.0,0.0,1.0,0.0,0.0,0.0,1.0
2019-05-28,19,0.0,0.0,1.0,0.0,1.0,0.33333334,0.0,0.33333334,0.0,0.0,1.0,0.0,0.0,0.0,1.0
2019-05-28,20,0.0,0.0,1.0,0.0,1.0,0.5,0.0,0.5,0.0,0.0,1.0,0.0,0.0,0.0,1.0
2019-05-28,21,0.0,0.0,1.0,0.0,1.0,0.6666667,0.0,0.6666667,0.0,0.0,1.0,0.0,0.0,0.0,1.0
2019-05-28,22,0.0,0.0,1.0,0.0,1.0,0.8333333,0.0,0.8333333,0.0,0.0,1.0,0.0,0.0,0.0,1.0
2019-05-28,23,0.0,0.0,1.0,0.0,1.0,1.0,0.0,1.0,0.0,0.0,1.0,0.0,0.0,0.0,1.0
2019-05-29,0,1.0,1.0,1.0,1.0,1.0,0.0,0.0,1.0,0.0,0.0,1.0,0.0,0.0,0.0,1.0
2019-05-29,1,1.0,1.0,1.0,1.0,1.0,0.0,0.0,1.0,0.0,0.0,1.0,0.0,0.0,0.0,1.0
2019-05-29,2,1.0,1.0,1.0,1.0,1.0,0.0,0.0,1.0,0.0,0.0,1.0,0.0,0.0,0.0,1.0
2019-05-29,3,1.0,1.0,1.0,1.0,1.0,0.0,0.0,1.0,0.0,0.0,1.0,0.0,0.0,0.0,1.0
2019-05-29,4,1.0,1.0,1.0,1.0,1.0,0.0,0.0,1.0,0.0,0.0,1.0,0.0,0.0,0.0,1.0
2019-05-29,5,1.0,1.0,1.0,1.0,1.0,0.0,0.0,1.0,0.0,0.0,1.0,0.0,0.0,0.0,1.0
2019-05-29,6,1.0,1.0,1.0,1.0,1.0,0.0,0.0,1.0,0.0,0.0,1.0,0.0,0.0,0.0,1.0
2019-05-29,7,1.0,1.0,1.0,1.0,1.0,0.0,0.0,1.0,0.0,0.0,1.0,0.0,0.0,0.0,1.0
2019-05-29,8,1.0,1.0,1.0,1.0,1.0,0.0,0.0,1.0,0.0,0.0,1.0,0.0,0.0,0.0,1.0
2019-05-29,9,1.0,1.0,1.0,1.0,1.0,0.0,0.0,1.0,0.0,0.0,1.0,0.0,0.0,0.0,1.0
2019-05-29,10,1.0,1.0,1.0,1.0,1.0,0.0,0.0,1.0,0.0,0.0,1.0,0.0,0.0,0.0,1.0
2019-05-29,11,1.0,1.0,1.0,1.0,1.0,0.0,0.0,1.0,0.0,0.0,1.0,0.0,0.0,0.0,1.0
2019-05-29,12,1.0,1.0,1.0,1.0,1.0,0.0,0.0,1.0,0.0,0.0,1.0,0.0,0.0,0.0,1.0
2019-05-29,13,1.0,1.0,1.0,1.0,1.0,0.0,0.0,1.0,0.0,0.0,1.0,0.0,0.0,0.0,1.0
2019-05-29,14,1.0,1.0,1.0,1.0,1.0,0.0,0.0,1.0,0.0,0.0,1.0,0.0,0.0,0.0,1.0
2019-05-29,15,1.0,1.0,1.0,1.0,1.0,0.0,0.0,1.0,0.0,0.0,1.0,0.0,0.0,0.0,1.0
2019-05-29,16,1.0,1.0,1.0,1.0,1.0,0.0,0.0,1.0,0.0,0.0,1.0,0.0,0.0,0.0,1.0
2019-05-29,17,1.0,1.0,1.0,1.0,1.0,0.0,0.0,1.0,0.0,0.0,1.0,0.0,0.0,0.0,1.0
2019-05-29,18,1.0,1.0,2.0,1.0,1.0,0.16666667,0.0,1.0,0.0,0.0,1.0,0.0,1.0,1.0,1.0
2019-05-29,19,1.0,1.0,2.0,1.0,1.0,0.33333334,0.0,1.0,0.0,0.0,1.0,0.0,1.0,1.0,1.0
2019-05-29,20,1.0,1.0,2.0,1.0,1.0,0.5,0.0,1.0,0.0,0.0,1.0,0.0,1.0,1.0,1.0
2019-05-29,21,1.0,1.0,2.0,1.0,1.0,0.6666667,0.0,1.0,0.0,0.0,1.0,0.0,1.0,1.0,1.0
2019-05-29,22,1.0,1.0,2.0,1.0,1.0,0.8333333,0.0,1.0,0.0,0.0,1.0,0.0,1.0,1.0,1.0
2019-05-29,23,1.0,1.0,2.0,1.0,1.0,1.0,0.0,1.0,0.0,0.0,1.0,0.0,1.0,1.0,1.0
2019-05-30,0,1.0,1.0,2.0,0.6,1.0,0.0,1.0,1.0,0.0,0.0,1.0,0.0,1.0,1.0,1.0
2019-05-30,1,1.0,1.0,2.0,0.6,1.0,0.0,0.75,1.0,0.0,0.0,1.0,0.0,1.0,1.0,1.0
2019-05-30,2,1.0,1.0,2.0,0.6,1.0,0.0,0.5,1.0,0.0,0.0,1.0,0.0,1.0,1.0,1.0
2019-05-30,3,1.0,1.0,2.0,0.6,1.0,0.0,0.25,1.0,0.0,0.0,1.0,0.0,1.0,1.0,1.0
2019-05-30,4,1.0,1.0,1.0,0.6,1.0,0.0,0.0,1.0,0.0,0.0,0.0,0.0,1.0,1.0,0.0
2019-05-30,5,1.0,1.0,1.0,0.6,1.0,0.0,0.0,1.0,0.0,0.0,0.0,0.0,1.0,1.0,0.0
2019-05-30,6,1.0,1.0,1.0,0.6,1.0,0.0,0.0,1.0,0.0,0.0,0.0,0.0,1.0,1.0,0.0
2019-05-30,7,1.0,1.0,1.0,0.6,1.0,0.0,0.0,1.0,0.0,0.0,0.0,0.0,1.0,1.0,0.0
2019-05-30,8,1.0,1.0,1.0,0.6,1.0,0.0,0.0,1.0,0.0,0.0,0.0,0.0,1.0,1.0,0.0
2019-05-30,9,1.0,1.0,1.0,0.6,1.0,0.0,0.0,1.0,0.0,0.0,0.0,0.0,1.0,1.0,0.0
2019-05-30,10,1.0,1.0,1.0,0.6,1.0,0.0,0.0,1.0,0.0,0.0,0.0,0.0,1.0,1.0,0.0
2019-05-30,11,1.0,1.0,1.0,0.6,1.0,0.0,0.0,1.0,0.0,0.0,0.0,0.0,1.0,1.0,0.0
2019-05-30,12,1.0,1.0,1.0,0.6,1.0,0.0,0.0,1.0,0.0,0.0,0.0,0.0,1.0,1.0,0.0
2019-05-30,13,1.0,1.0,1.0,0.6,1.0,0.0,0.0,1.0,0.0,0.0,0.0,0.0,1.0,1.0,0.0
2019-05-30,14,1.0,1.0,1.0,0.6,1.0,0.0,0.0,1.0,0.0,0.0,0.0,0.0,1.0,1.0,0.0
2019-05-30,15,1.0,1.0,1.0,0.6,1.0,0.0,0.0,1.0,0.0,0.0,0.0,0.0,1.0,1.0,0.0
2019-05-30,16,1.0,1.0,1.0,0.6,1.0,0.0,0.0,1.0,0.0,0.0,0.0,0.0,1.0,1.0,0.0
2019-05-30,17,1.0,1.0,1.0,0.6,1.0,0.0,0.0,1.0,0.0,0.0,0.0,0.0,1.0,1.0,0.0
2019-05-30,18,1.0,1.0,1.0,0.6,1.0,0.0,0.0,1.0,0.0,0.0,0.0,0.0,1.0,1.0,0.0
2019-05-30,19,1.0,1.0,1.0,0.6,1.0,0.0,0.0,1.0,0.0,0.0,0.0,0.0,1.0,1.0,0.0
2019-05-30,20,1.0,1.0,1.0,0.6,1.0,0.0,0.0,1.0,0.0,0.0,0.0,0.0,1.0,1.0,0.0
2019-05-30,21,1.0,1.0,1.0,0.6,1.0,0.0,0.0,1.0,0.0,0.0,0.0,0.0,1.0,1.0,0.0
2019-05-30,22,1.0,1.0,1.0,0.6,1.0,0.0,0.0,1.0,0.0,0.0,0.0,0.0,1.0,1.0,0.0
2019-05-30,23,1.0,1.0,1.0,0.6,1.0,0.0,0.0,1.0,0.0,0.0,0.0,0.0,1.0,1.0,0.0
2019-05-31,0,0.0,0.0,1.0,0.0,1.0,0.0,1.0,1.0,0.0,0.0,0.0,0.0,1.0,1.0,0.0
2019-05-31,1,0.0,0.0,1.0,0.0,1.0,0.0,0.75,0.75,0.0,0.0,0.0,0.0,1.0,1.0,0.0
2019-05-31,2,0.0,0.0,1.0,0.0,1.0,0.0,0.5,0.5,0.0,0.0,0.0,0.0,1.0,1.0,0.0
2019-05-31,3,0.0,0.0,1.0,0.0,1.0,0.0,0.25,0.25,0.0,0.0,0.0,0.0,1.0,1.0,0.0
